date,product,quantity,price
2024-03-30,Tea,4,1.94
2025-06-01,Eggs,2,0.25
2024-10-11,Coffee,4,3.44
2024-12-10,Bread,4,1.26
2025-01-22,Yogurt,6,0.51
2024-08-21,Cheese,6,2.63
2024-12-29,Rice,6,1.43
2024-09-07,Tomato,5,1.14
2024-02-27,Banana,5,0.5
2024-11-18,Lettuce,5,0.96
2024-09-26,Tomato,5,1.13
2024-02-18,Toilet Paper,6,0.46
2025-04-24,Yogurt,5,0.51
2024-10-27,Sugar,8,0.95
2024-09-26,Mineral Water,1,0.33
2024-07-22,Sugar,5,1.05
2025-01-06,Apple,7,0.68
2025-05-12,Rice,3,1.23
2025-06-24,Cheese,5,2.85
2024-11-15,Coffee,4,3.74
2024-08-18,Canned Tuna,4,1.54
2024-03-01,Cheese,4,2.52
2025-06-10,Lettuce,2,0.82
2025-02-20,Lettuce,7,0.86
2024-04-10,Tomato,5,1.01
2025-04-04,Milk,4,0.93
2024-02-21,Apple,6,0.69
2025-02-14,Tea,7,2.31
2025-02-03,Milk,1,0.89
2024-08-10,Olive Oil,8,7.05
2025-05-29,Milk,4,0.97
2024-03-10,Sugar,3,0.93
2024-03-24,Chocolate,5,1.93
2024-09-28,Mineral Water,5,0.36
2024-04-12,Canned Tuna,5,1.3
2024-09-07,Cheese,4,2.62
2024-04-16,Chicken,8,4.98
2024-12-17,Apple,5,0.67
2025-03-09,Tomato,5,1.14
2025-03-28,Olive Oil,4,5.91
2024-02-06,Salt,5,0.42
2024-02-10,Chicken,3,5.29
2025-02-20,Chicken,4,4.9
2025-02-26,Coffee,5,3.99
2024-04-20,Bread,7,1.12
2024-08-21,Canned Tuna,6,1.5
2025-06-05,Lettuce,5,0.81
2024-09-24,Canned Tuna,3,1.45
2024-11-17,Banana,4,0.51
2024-07-20,Mineral Water,6,0.36
2024-11-30,Chicken,8,5.13
2024-11-04,Canned Tuna,6,1.46
2024-10-20,Canned Tuna,1,1.41
2025-04-29,Tomato,5,1.08
2024-08-28,Toilet Paper,4,0.42
2025-05-01,Chocolate,3,1.73
2025-01-28,Coffee,4,4.07
2025-06-14,Red Wine,7,5.78
2025-05-31,Beer,10,0.77
2024-10-10,Mineral Water,6,0.37
2024-12-09,Sugar,4,1.0
2025-01-27,Pasta,2,1.19
2024-03-04,Cookies,4,1.4
2025-01-24,Tomato,4,1.17
2024-08-12,Red Wine,9,5.32
2025-02-18,Olive Oil,2,6.42
2025-02-07,Toilet Paper,4,0.42
2024-05-18,Eggs,2,0.25
2025-01-23,Beer,4,0.8
2024-01-20,Olive Oil,3,6.83
2024-01-21,Toilet Paper,8,0.45
2024-09-19,Coffee,4,3.54
2024-01-27,Chicken,6,4.85
2024-11-04,Rice,7,1.32
2025-01-14,Chocolate,5,1.84
2025-04-15,Cheese,6,2.6
2024-10-01,Cookies,7,1.4
2025-04-20,Pasta,4,1.18
2024-11-28,Eggs,2,0.26
2024-10-09,Banana,4,0.5
2025-05-17,Salt,6,0.36
2024-11-09,Beer,3,0.9
2024-09-14,Chocolate,7,1.83
2024-07-08,Lettuce,3,0.83
2024-07-17,Tomato,6,1.04
2025-06-30,Rice,2,1.23
2024-10-18,Apple,7,0.67
2024-03-07,Red Wine,5,5.87
2024-09-11,Canned Tuna,6,1.4
2025-03-15,Yogurt,7,0.56
2024-07-31,Rice,3,1.32
2024-03-17,Tea,3,1.98
2024-10-16,Banana,4,0.45
2024-09-27,Cookies,2,1.61
2024-08-18,Tea,3,2.14
2024-11-10,Tea,3,1.95
2025-02-16,Coffee,4,3.99
2025-03-18,Olive Oil,3,6.5
2024-01-22,Toilet Paper,5,0.43
2024-10-11,Chocolate,5,1.92
2024-06-13,Banana,7,0.55
2024-03-31,Pasta,5,1.08
2025-04-18,Pasta,5,1.05
2024-09-30,Mineral Water,5,0.32
2024-09-02,Salt,4,0.37
2024-04-30,Cookies,6,1.4
2024-05-28,Tea,7,2.24
2025-02-28,Canned Tuna,4,1.31
2024-06-01,Pasta,7,1.2
2024-07-12,Beer,5,0.86
2024-06-04,Cookies,7,1.42
2025-03-26,Red Wine,4,6.45
2025-04-25,Yogurt,5,0.55
2024-02-06,Olive Oil,10,6.29
2024-04-12,Coffee,7,3.47
2024-11-28,Beer,2,0.79
2024-07-03,Milk,4,0.91
2024-09-17,Banana,6,0.47
2025-04-21,Beer,1,0.81
2025-03-10,Rice,4,1.35
2025-01-02,Cookies,5,1.43
2025-02-09,Eggs,2,0.24
2024-07-13,Olive Oil,11,5.86
2024-02-10,Coffee,5,3.61
2024-05-14,Rice,2,1.38
2025-05-28,Cheese,6,2.81
2024-03-18,Olive Oil,7,6.93
2025-02-08,Apple,7,0.74
2025-01-25,Bread,4,1.14
2024-12-01,Tea,3,2.28
2025-02-22,Coffee,4,3.59
2024-05-18,Yogurt,4,0.51
2024-04-11,Canned Tuna,7,1.39
2024-08-29,Red Wine,5,6.04
2024-05-05,Chicken,6,4.78
2024-12-07,Beer,4,0.78
2024-05-31,Lettuce,7,0.99
2024-09-13,Coffee,3,3.42
2024-09-28,Banana,6,0.46
2025-04-04,Milk,3,0.88
2025-06-17,Chicken,4,5.21
2024-04-20,Rice,4,1.29
2024-11-28,Red Wine,5,6.15
2024-04-27,Canned Tuna,4,1.54
2024-12-13,Tea,5,2.16
2024-06-05,Beer,4,0.83
2024-04-08,Chocolate,3,1.95
2024-12-28,Toilet Paper,6,0.47
2024-11-15,Chocolate,4,1.96
2025-01-11,Chicken,5,4.79
2024-09-30,Yogurt,8,0.58
2024-05-26,Bread,4,1.12
2025-06-27,Eggs,4,0.26
2024-03-27,Tomato,4,1.07
2025-03-29,Milk,3,0.88
2024-04-23,Chocolate,5,1.77
2024-07-28,Rice,6,1.35
2025-03-16,Rice,5,1.42
2025-02-10,Banana,5,0.46
2024-11-16,Toilet Paper,2,0.41
2025-04-16,Eggs,6,0.25
2025-02-14,Cookies,3,1.63
2024-04-26,Sugar,5,0.92
2024-07-21,Sugar,7,1.0
2024-11-26,Banana,8,0.51
2025-04-17,Tea,7,2.02
2025-06-03,Beer,5,0.77
2024-06-03,Canned Tuna,8,1.39
2025-03-24,Milk,6,0.94
2024-12-08,Beer,7,0.85
2024-03-24,Cheese,7,2.51
2024-03-27,Eggs,5,0.26
2025-06-23,Rice,5,1.32
2024-08-07,Cheese,4,2.68
2024-03-20,Pasta,3,1.2
2024-12-10,Rice,5,1.39
2025-03-24,Coffee,6,3.52
2025-04-04,Milk,5,0.93
2024-10-15,Lettuce,8,0.91
2024-05-21,Canned Tuna,3,1.4
2024-03-26,Olive Oil,6,5.92
2025-04-06,Banana,5,0.48
2024-08-17,Chicken,5,5.65
2024-02-09,Bread,4,1.16
2024-08-08,Rice,7,1.41
2024-11-04,Apple,4,0.71
2025-05-26,Yogurt,4,0.5
2024-12-27,Coffee,5,3.83
2025-06-03,Lettuce,6,0.91
2025-01-17,Salt,3,0.36
2024-04-16,Olive Oil,3,6.82
2024-12-12,Eggs,2,0.26
2025-04-13,Tea,6,1.96
2024-02-12,Milk,2,0.91
2024-12-31,Pasta,6,1.2
2025-02-13,Milk,3,1.02
2025-06-15,Toilet Paper,5,0.44
2024-11-24,Olive Oil,5,6.89
2024-02-13,Yogurt,6,0.5
2025-02-19,Toilet Paper,6,0.48
2025-03-24,Chicken,3,5.21
2024-06-06,Milk,5,0.88
2024-05-20,Chocolate,3,1.78
2024-07-09,Sugar,4,0.97
2024-10-19,Red Wine,5,5.92
2024-03-30,Cookies,6,1.62
2024-06-27,Chocolate,7,1.97
2025-05-20,Chicken,3,5.21
2025-02-11,Bread,6,1.17
2025-04-05,Cookies,6,1.57
2024-02-26,Beer,7,0.88
2025-06-15,Yogurt,4,0.55
2024-11-06,Rice,4,1.39
2024-12-11,Coffee,4,3.83
2024-08-03,Eggs,5,0.23
2024-10-31,Eggs,8,0.25
2024-07-27,Beer,3,0.78
2025-01-14,Pasta,6,1.12
2024-04-09,Sugar,4,1.01
2024-12-01,Milk,5,0.91
2024-11-11,Eggs,4,0.26
2025-05-21,Red Wine,6,5.34
2025-02-14,Coffee,9,4.09
2025-05-31,Milk,3,0.96
2024-12-13,Beer,6,0.89
2024-05-20,Salt,5,0.44
2024-06-15,Cookies,6,1.45
2024-01-18,Canned Tuna,7,1.54
2024-01-28,Chicken,3,5.02
2025-01-24,Coffee,8,3.78
2025-03-04,Apple,5,0.75
2024-05-21,Apple,6,0.69
2025-06-29,Sugar,5,0.94
2024-11-01,Pasta,8,1.11
2025-01-23,Lettuce,10,0.98
2025-03-28,Canned Tuna,6,1.49
2024-09-02,Tea,6,2.0
2024-12-04,Lettuce,4,0.82
2025-05-02,Cookies,5,1.49
2024-04-01,Red Wine,4,6.08
2024-02-07,Tea,7,2.13
2024-11-01,Canned Tuna,5,1.48
2025-05-31,Eggs,7,0.26
2024-12-11,Beer,6,0.81
2024-04-07,Rice,7,1.32
2025-01-27,Banana,3,0.55
2025-01-03,Lettuce,5,0.89
2024-10-29,Cookies,8,1.42
2025-01-17,Chicken,3,5.32
2024-04-24,Mineral Water,11,0.36
2025-06-16,Milk,4,1.01
2025-06-06,Beer,3,0.78
2025-04-18,Beer,4,0.9
2024-12-18,Chocolate,6,1.91
2025-02-22,Cookies,5,1.37
2024-05-16,Banana,10,0.53
2024-08-16,Tea,4,2.25
2025-04-16,Bread,6,1.26
2025-03-05,Chicken,4,4.84
2024-07-30,Coffee,2,4.0
2024-02-19,Cheese,3,2.39
2024-02-27,Lettuce,4,0.94
2024-11-05,Apple,7,0.7
2024-06-28,Apple,6,0.77
2025-01-25,Tea,3,2.18
2025-04-29,Sugar,4,0.96
2024-09-05,Lettuce,8,0.96
2024-10-01,Olive Oil,6,6.11
2024-12-06,Canned Tuna,7,1.45
2024-07-13,Rice,1,1.42
2024-09-02,Toilet Paper,5,0.42
2025-05-24,Salt,5,0.39
2024-05-29,Beer,8,0.78
2025-01-23,Bread,5,1.14
2024-06-21,Eggs,8,0.27
2024-02-04,Toilet Paper,7,0.48
2025-06-01,Cheese,7,2.83
2025-02-25,Beer,6,0.83
2024-07-02,Bread,6,1.08
2025-02-10,Yogurt,5,0.6
2024-02-02,Cheese,8,2.53
2025-03-20,Cheese,5,2.55
2024-08-04,Tea,5,2.22
2024-10-14,Cookies,3,1.62
2024-07-31,Salt,3,0.41
2024-05-23,Eggs,10,0.23
2024-03-18,Cookies,4,1.57
2025-01-19,Pasta,8,1.12
2024-03-16,Mineral Water,5,0.33
2025-01-04,Cheese,4,2.48
2025-03-17,Yogurt,5,0.51
2024-04-05,Beer,3,0.86
2024-03-27,Coffee,4,3.87
2024-11-04,Toilet Paper,6,0.49
2025-05-10,Olive Oil,3,6.49
2024-01-07,Cheese,6,2.53
2024-11-24,Canned Tuna,8,1.35
2025-05-17,Coffee,5,4.14
2024-07-03,Eggs,6,0.26
2024-10-25,Chocolate,4,1.9
2024-06-06,Cookies,6,1.37
2024-02-07,Cookies,8,1.48
2024-12-29,Chicken,5,5.41
2024-12-05,Banana,4,0.51
2024-08-14,Mineral Water,3,0.32
2024-10-29,Beer,6,0.83
2024-12-17,Mineral Water,4,0.38
2025-04-08,Beer,3,0.9
2024-12-17,Pasta,3,1.0
2025-02-18,Tea,8,1.94
2024-07-21,Tea,3,1.97
2024-04-14,Beer,6,0.87
2024-11-16,Salt,5,0.37
2025-04-13,Coffee,3,3.72
2024-04-29,Coffee,7,3.55
2025-05-13,Banana,5,0.49
2024-07-10,Tea,5,2.12
2025-05-21,Pasta,7,1.18
2024-02-01,Mineral Water,4,0.36
2025-05-22,Lettuce,4,0.86
2024-08-11,Salt,8,0.4
2024-04-30,Mineral Water,8,0.32
2024-06-21,Lettuce,11,0.85
2025-02-25,Pasta,7,1.21
2024-09-10,Milk,5,1.04
2024-04-05,Chocolate,5,1.76
2024-04-05,Canned Tuna,6,1.4
2024-10-17,Toilet Paper,9,0.49
2025-04-15,Pasta,6,1.11
2025-03-14,Bread,3,1.11
2025-01-04,Tomato,6,1.21
2024-08-27,Olive Oil,4,5.96
2025-05-03,Mineral Water,2,0.36
2024-12-17,Cheese,3,2.41
2025-01-27,Yogurt,3,0.6
2024-05-16,Cheese,4,2.72
2024-06-17,Tea,3,2.31
2024-04-12,Beer,6,0.82
2024-10-10,Apple,5,0.74
2025-06-14,Tea,8,1.93
2024-09-02,Coffee,3,3.81
2024-01-13,Red Wine,3,5.77
2025-04-27,Chicken,5,5.65
2024-02-10,Cheese,2,2.35
2024-06-05,Milk,6,1.04
2024-11-30,Olive Oil,4,5.96
2024-09-07,Canned Tuna,7,1.42
2024-06-28,Cheese,3,2.82
2025-05-23,Yogurt,2,0.5
2024-10-02,Chicken,4,5.22
2024-10-05,Toilet Paper,3,0.48
2025-01-03,Sugar,4,0.91
2024-04-28,Milk,4,0.95
2024-01-13,Lettuce,1,0.94
2025-03-05,Lettuce,5,0.82
2025-01-16,Lettuce,4,0.87
2025-04-21,Yogurt,6,0.55
2025-01-12,Rice,3,1.37
2024-09-08,Tomato,9,1.05
2025-01-20,Apple,7,0.63
2025-05-18,Toilet Paper,3,0.47
2024-08-25,Milk,3,1.04
2024-03-04,Sugar,8,0.98
2024-11-30,Mineral Water,5,0.36
2024-04-18,Pasta,5,1.09
2024-07-31,Banana,3,0.49
2024-11-07,Beer,3,0.82
2024-04-03,Cookies,3,1.56
2025-02-18,Cookies,6,1.42
2024-05-23,Beer,3,0.86
2024-09-22,Yogurt,7,0.5
2024-12-05,Cheese,4,2.35
2024-01-31,Yogurt,5,0.5
2024-10-13,Canned Tuna,3,1.45
2024-10-29,Beer,3,0.92
2024-05-20,Red Wine,3,5.8
2025-05-29,Mineral Water,10,0.33
2024-10-14,Pasta,3,1.08
2024-09-10,Milk,5,1.01
2024-08-30,Chocolate,11,1.71
2024-07-11,Eggs,7,0.24
2024-02-27,Red Wine,2,5.95
2024-12-05,Lettuce,2,0.92
2024-05-25,Coffee,6,3.57
2024-11-05,Yogurt,6,0.59
2024-12-31,Pasta,6,1.02
2024-01-02,Lettuce,5,0.93
2024-11-21,Cookies,4,1.63
2024-11-23,Coffee,5,3.59
2024-08-02,Banana,6,0.51
2025-03-24,Lettuce,4,0.93
2025-05-05,Toilet Paper,5,0.44
2024-02-04,Eggs,3,0.26
2025-01-19,Rice,3,1.18
2025-05-09,Banana,5,0.52
2024-07-29,Cookies,5,1.36
2025-02-06,Tomato,6,1.08
2024-03-30,Eggs,3,0.25
2024-10-25,Rice,4,1.38
2025-01-31,Cheese,5,2.59
2025-03-26,Banana,3,0.49
2024-12-18,Beer,5,0.81
2025-01-31,Salt,3,0.39
2024-02-05,Sugar,6,0.98
2024-06-20,Sugar,6,1.01
2024-09-21,Tomato,6,1.17
2024-11-29,Pasta,4,1.19
2025-06-19,Olive Oil,2,6.53
2024-04-18,Mineral Water,5,0.32
2025-02-16,Eggs,9,0.26
2025-05-01,Apple,6,0.72
2024-11-06,Olive Oil,2,7.02
2025-03-29,Rice,5,1.24
2025-02-20,Pasta,4,1.05
2024-06-11,Toilet Paper,3,0.45
2024-07-16,Cheese,5,2.5
2025-06-01,Tomato,6,1.17
2025-01-16,Canned Tuna,2,1.44
2024-09-21,Red Wine,5,6.01
2024-02-20,Toilet Paper,2,0.48
2024-07-30,Banana,4,0.54
2024-01-09,Olive Oil,7,6.7
2024-09-15,Lettuce,7,0.86
2025-01-18,Tomato,5,1.09
2024-10-10,Salt,4,0.41
2024-09-03,Tea,6,2.03
2025-02-01,Milk,9,1.01
2025-05-02,Toilet Paper,5,0.41
2025-04-27,Chocolate,5,1.75
2024-11-10,Apple,8,0.73
2024-03-13,Mineral Water,5,0.37
2024-06-03,Red Wine,5,6.36
2024-03-23,Apple,7,0.77
2025-04-07,Red Wine,3,5.7
2025-03-20,Olive Oil,6,6.12
2025-06-30,Tea,3,2.07
2024-01-05,Tomato,5,1.15
2025-05-30,Tea,4,2.2
2024-10-24,Eggs,2,0.24
2025-02-17,Beer,8,0.89
2025-01-10,Bread,5,1.13
2024-02-19,Cookies,3,1.55
2024-04-28,Coffee,3,4.18
2024-01-10,Mineral Water,4,0.35
2024-04-17,Rice,5,1.28
2024-04-18,Sugar,2,1.04
2025-02-23,Red Wine,4,5.54
2024-04-01,Rice,6,1.21
2025-06-07,Yogurt,3,0.59
2024-10-30,Cheese,3,2.72
2024-02-10,Olive Oil,2,6.45
2024-05-21,Rice,6,1.26
2024-04-26,Chocolate,7,1.85
2024-05-15,Canned Tuna,7,1.37
2025-01-23,Cookies,7,1.57
2024-11-17,Chicken,9,5.32
2024-04-07,Bread,9,1.25
2024-02-25,Mineral Water,6,0.36
2025-05-18,Bread,5,1.23
2025-01-22,Pasta,3,1.04
2025-05-25,Canned Tuna,4,1.49
2025-02-17,Beer,3,0.82
2024-02-25,Mineral Water,10,0.32
2024-04-09,Lettuce,6,0.96
2024-06-17,Chocolate,7,1.7
2025-02-06,Red Wine,5,5.48
2025-04-06,Tomato,7,1.09
2025-03-19,Beer,5,0.88
2025-01-31,Eggs,6,0.25
2024-05-16,Chocolate,10,1.84
2024-10-24,Apple,9,0.69
2024-12-26,Chocolate,8,1.74
2024-01-26,Salt,9,0.4
2024-10-20,Canned Tuna,4,1.3
2025-04-08,Chocolate,5,1.71
2024-10-21,Yogurt,6,0.56
2024-09-14,Cookies,7,1.55
2024-06-30,Tomato,12,1.13
2024-10-12,Chocolate,4,1.65
2025-04-22,Salt,3,0.38
2024-11-04,Cookies,4,1.63
2024-07-07,Red Wine,4,6.24
2024-08-14,Sugar,4,0.91
2024-01-10,Tomato,6,1.14
2024-10-16,Yogurt,10,0.57
2024-07-16,Bread,5,1.3
2024-03-08,Pasta,5,1.1
2025-03-21,Tomato,5,1.14
2024-12-05,Tea,3,2.23
2024-08-21,Milk,4,0.87
2024-01-07,Olive Oil,5,6.38
2024-03-15,Tea,3,2.19
2025-03-24,Chicken,4,5.65
2024-10-29,Canned Tuna,5,1.37
2024-01-06,Tea,9,1.95
2025-06-08,Eggs,7,0.25
2024-02-25,Apple,4,0.65
2024-04-10,Salt,3,0.4
2024-04-12,Tomato,4,1.15
2025-01-08,Rice,6,1.33
2025-01-03,Pasta,6,1.2
2024-03-24,Apple,6,0.73
2024-03-19,Olive Oil,4,6.97
2024-02-01,Toilet Paper,2,0.41
2024-09-23,Eggs,3,0.25
2024-10-24,Salt,6,0.43
2025-06-10,Apple,8,0.7
2024-08-12,Apple,7,0.69
2025-02-01,Red Wine,5,5.58
2025-06-17,Red Wine,4,6.39
2025-01-09,Tea,5,2.24
2025-05-08,Eggs,8,0.26
2024-06-02,Coffee,5,3.43
2025-05-05,Banana,6,0.47
2024-02-14,Red Wine,3,5.56
2024-05-30,Apple,3,0.71
2025-04-27,Milk,10,0.89
2024-12-16,Red Wine,7,5.51
2024-01-17,Beer,3,0.87
2024-04-30,Tomato,9,1.1
2025-01-14,Cheese,7,2.59
2024-09-17,Milk,10,0.99
2024-01-06,Red Wine,5,6.21
2025-06-19,Cookies,1,1.57
2025-03-12,Yogurt,5,0.55
2025-05-09,Tea,7,2.14
2025-02-11,Banana,4,0.49
2024-04-12,Toilet Paper,5,0.42
2025-02-02,Tomato,5,1.1
2025-03-21,Tea,2,1.89
2024-02-08,Cheese,2,2.37
2025-06-14,Toilet Paper,10,0.44
2024-10-09,Rice,9,1.22
2024-04-02,Canned Tuna,5,1.36
2025-02-17,Salt,7,0.38
2024-04-29,Eggs,5,0.23
2024-01-29,Sugar,12,1.09
2024-11-19,Red Wine,5,5.45
2024-09-26,Mineral Water,2,0.38
2024-11-17,Lettuce,5,0.86
2024-07-23,Chicken,5,4.91
2024-12-30,Lettuce,4,0.94
2025-05-19,Apple,2,0.74
2024-07-06,Coffee,9,3.43
2025-03-09,Sugar,3,0.96
2024-06-27,Red Wine,2,6.42
2024-08-03,Beer,4,0.93
2025-04-27,Canned Tuna,5,1.42
2025-02-14,Coffee,5,3.68
2024-06-02,Olive Oil,9,6.44
2024-02-18,Red Wine,8,6.26
2024-04-08,Canned Tuna,3,1.29
2025-02-25,Beer,5,0.89
2025-06-06,Yogurt,8,0.53
2024-05-28,Red Wine,4,6.22
2024-12-17,Banana,6,0.51
2024-06-20,Lettuce,10,0.87
2024-03-22,Banana,3,0.54
2025-04-29,Tomato,2,1.03
2025-02-03,Salt,6,0.36
2024-02-05,Rice,5,1.23
2025-04-12,Chocolate,9,1.75
2024-04-01,Tea,7,2.2
2025-06-19,Beer,3,0.82
2025-05-18,Apple,2,0.68
2024-09-12,Red Wine,8,5.66
2024-09-02,Banana,4,0.52
2024-10-23,Sugar,9,1.05
2024-02-20,Yogurt,5,0.57
2024-01-09,Salt,4,0.36
2024-08-10,Lettuce,1,0.83
2024-03-23,Pasta,5,1.08
2024-09-13,Apple,4,0.64
2025-03-29,Canned Tuna,4,1.49
2024-04-06,Lettuce,2,0.94
2024-02-13,Sugar,5,1.03
2024-02-23,Toilet Paper,4,0.49
2024-10-09,Chocolate,4,1.7
2024-02-13,Eggs,2,0.23
2024-06-10,Eggs,4,0.26
2024-04-19,Red Wine,6,5.42
2025-01-21,Apple,7,0.7
2025-03-24,Chicken,2,5.43
2025-04-24,Salt,4,0.38
2025-01-10,Olive Oil,6,6.98
2025-01-07,Beer,4,0.77
2024-10-16,Coffee,7,3.6
2024-05-12,Pasta,4,1.08
2025-02-01,Banana,3,0.54
2024-08-14,Chocolate,3,1.8
2024-08-01,Coffee,1,3.97
2025-03-01,Tea,4,2.1
2024-11-07,Chicken,4,5.51
2025-06-22,Cheese,5,2.83
2025-01-01,Chocolate,5,1.71
2025-02-15,Chocolate,4,1.79
2024-11-28,Sugar,5,0.97
2024-09-17,Chicken,6,5.11
2024-11-03,Chicken,8,5.68
2025-04-16,Lettuce,9,0.85
2024-11-03,Chicken,4,4.84
2024-11-28,Cheese,3,2.64
2024-02-27,Red Wine,9,5.51
2025-01-26,Pasta,8,1.07
2025-05-29,Milk,3,0.91
2025-04-01,Cookies,3,1.42
2024-12-10,Coffee,4,3.86
2024-05-18,Cheese,6,2.59
2024-03-14,Red Wine,6,5.97
2025-03-09,Olive Oil,4,6.86
2024-11-08,Chicken,3,5.04
2024-08-27,Banana,5,0.55
2024-02-25,Tomato,3,1.14
2024-04-23,Lettuce,4,0.98
2024-08-04,Rice,2,1.29
2024-03-02,Tomato,10,1.11
2024-10-04,Rice,5,1.22
2025-01-30,Chocolate,3,1.93
2024-07-22,Lettuce,6,0.99
2025-06-26,Sugar,3,1.09
2024-11-05,Rice,4,1.26
2024-09-20,Lettuce,3,0.99
2024-10-13,Canned Tuna,3,1.51
2024-08-20,Lettuce,6,0.84
2024-05-21,Mineral Water,6,0.33
2024-05-28,Eggs,6,0.25
2024-11-21,Tea,5,2.28
2024-07-11,Apple,9,0.73
2024-08-24,Yogurt,3,0.51
2025-01-17,Coffee,7,3.6
2024-02-03,Banana,3,0.54
2024-10-03,Mineral Water,1,0.37
2025-03-25,Mineral Water,4,0.33
2024-02-12,Coffee,4,3.79
2024-02-09,Coffee,6,3.98
2025-01-31,Sugar,7,0.92
2024-06-19,Sugar,6,1.05
2025-05-27,Mineral Water,6,0.34
2025-04-09,Yogurt,6,0.51
2024-06-16,Eggs,5,0.27
2025-01-28,Cookies,4,1.57
2024-06-02,Toilet Paper,8,0.48
2025-04-01,Banana,4,0.54
2024-07-26,Rice,2,1.33
2025-05-20,Bread,5,1.23
2024-10-11,Lettuce,5,0.85
2024-12-23,Coffee,4,3.9
2024-12-05,Milk,3,0.88
2024-06-30,Cheese,6,2.37
2024-11-02,Beer,2,0.89
2024-03-07,Pasta,3,1.07
2024-08-02,Rice,4,1.29
2024-03-30,Cookies,4,1.41
2024-12-28,Red Wine,7,6.16
2024-07-17,Apple,7,0.72
2024-02-16,Bread,6,1.11
2024-11-03,Pasta,6,1.07
2024-01-30,Sugar,4,1.01
2024-05-19,Banana,5,0.47
2025-06-17,Red Wine,7,5.49
2024-12-05,Rice,3,1.32
2024-06-18,Chicken,4,4.75
2024-11-11,Eggs,3,0.26
2024-08-31,Cookies,3,1.61
2024-02-08,Chicken,4,5.15
2025-05-09,Tomato,2,1.19
2024-04-10,Sugar,5,0.93
2024-01-05,Sugar,5,1.04
2024-02-17,Rice,4,1.41
2024-07-16,Yogurt,6,0.55
2024-06-01,Rice,3,1.24
2025-06-10,Banana,1,0.48
2024-10-17,Yogurt,3,0.52
2025-03-30,Eggs,3,0.24
2025-03-12,Milk,4,0.88
2025-06-30,Canned Tuna,9,1.31
2025-04-11,Cheese,6,2.85
2024-09-21,Rice,4,1.35
2025-05-01,Chicken,6,5.09
2024-04-15,Yogurt,5,0.53
2024-09-06,Canned Tuna,7,1.49
2025-03-17,Salt,3,0.37
2025-05-13,Mineral Water,6,0.35
2024-04-21,Yogurt,6,0.56
2024-05-22,Chocolate,5,1.91
2024-05-30,Eggs,2,0.27
2024-11-20,Chocolate,5,1.67
2024-01-09,Rice,7,1.32
2025-01-13,Coffee,3,4.17
2025-01-02,Salt,1,0.44
2025-01-26,Yogurt,5,0.59
2025-01-03,Canned Tuna,5,1.37
2024-01-17,Mineral Water,4,0.33
2025-03-01,Apple,4,0.73
2025-03-10,Beer,8,0.92
2024-02-08,Coffee,7,3.43
2025-06-23,Eggs,4,0.25
2025-04-28,Olive Oil,3,6.45
2024-02-24,Tea,5,2.2
2025-04-09,Pasta,1,1.11
2024-11-07,Sugar,6,1.08
2024-01-28,Toilet Paper,6,0.48
2024-10-11,Rice,2,1.3
2024-04-24,Olive Oil,3,6.02
2024-08-29,Coffee,5,3.55
2024-03-27,Red Wine,2,5.52
2024-12-19,Apple,8,0.71
2025-02-12,Milk,3,0.98
2025-03-21,Red Wine,7,5.67
2025-06-28,Bread,6,1.15
2025-02-04,Tea,7,2.04
2024-07-03,Beer,6,0.9
2024-04-10,Pasta,3,1.11
2024-01-25,Sugar,4,0.92
2024-07-08,Coffee,9,3.49
2025-03-13,Yogurt,6,0.57
2024-03-04,Cookies,4,1.62
2024-07-24,Canned Tuna,5,1.37
2024-04-18,Coffee,4,3.72
2024-09-13,Beer,2,0.89
2024-02-08,Beer,3,0.77
2025-05-17,Chocolate,4,1.76
2025-05-08,Red Wine,5,5.82
2024-12-14,Yogurt,7,0.56
2024-11-02,Cheese,6,2.78
2024-07-13,Cookies,5,1.47
2025-02-02,Apple,3,0.63
2024-12-13,Cheese,6,2.75
2024-06-01,Milk,7,0.92
2024-01-20,Toilet Paper,3,0.46
2024-02-21,Red Wine,4,6.38
2024-04-18,Rice,4,1.38
2024-05-20,Yogurt,8,0.55
2024-05-24,Pasta,5,1.17
2024-02-11,Mineral Water,3,0.33
2025-05-13,Apple,4,0.64
2024-10-17,Cheese,2,2.34
2024-10-04,Mineral Water,4,0.36
2025-05-26,Sugar,4,0.99
2024-08-29,Coffee,4,4.14
2025-06-03,Tomato,4,1.02
2024-04-25,Lettuce,3,0.89
2025-01-07,Apple,5,0.73
2024-02-23,Rice,5,1.22
2024-11-29,Salt,6,0.37
2025-02-26,Mineral Water,5,0.33
2025-04-10,Tomato,5,1.07
2024-05-10,Banana,5,0.49
2025-04-21,Milk,2,0.99
2024-06-23,Beer,4,0.84
2025-04-18,Eggs,6,0.27
2024-06-01,Olive Oil,5,5.87
2025-05-31,Eggs,3,0.27
2024-03-26,Milk,5,0.94
2024-04-02,Salt,5,0.42
2025-04-10,Bread,5,1.2
2024-12-06,Beer,8,0.9
2024-12-09,Sugar,7,0.91
2025-01-27,Toilet Paper,4,0.49
2024-03-09,Chicken,2,5.16
2025-05-04,Salt,4,0.42
2024-09-30,Toilet Paper,6,0.49
2024-12-19,Sugar,2,1.04
2024-10-26,Beer,5,0.85
2024-03-23,Beer,7,0.87
2024-05-31,Canned Tuna,4,1.51
2025-03-02,Red Wine,3,5.49
2024-10-25,Chocolate,4,1.81
2024-11-30,Tomato,6,1.0
2024-11-09,Red Wine,5,6.01
2024-10-18,Banana,5,0.53
2024-06-28,Beer,4,0.93
2024-11-20,Cookies,4,1.56
2024-11-20,Eggs,4,0.23
2025-05-26,Chicken,5,4.83
2024-10-23,Apple,7,0.76
2024-02-11,Eggs,6,0.26
2024-08-13,Apple,2,0.72
2024-10-11,Beer,5,0.83
2025-06-08,Tomato,4,0.99
2025-03-13,Canned Tuna,6,1.31
2024-12-19,Chicken,1,5.08
2025-03-29,Chicken,6,5.0
2024-11-06,Rice,7,1.21
2024-10-06,Red Wine,6,6.48
2025-05-17,Mineral Water,6,0.33
2024-01-03,Milk,5,1.01
2024-05-02,Apple,9,0.67
2025-05-02,Olive Oil,6,6.49
2024-09-22,Cookies,3,1.6
2024-02-24,Banana,4,0.51
2024-03-19,Olive Oil,4,6.32
2024-11-19,Sugar,5,0.94
2024-05-27,Chocolate,5,1.91
2024-08-11,Bread,5,1.11
2024-05-14,Apple,12,0.7
2024-11-07,Bread,7,1.2
2024-05-25,Bread,2,1.26
2024-03-21,Cookies,2,1.42
2024-04-20,Mineral Water,5,0.36
2024-09-16,Milk,3,1.01
2024-12-25,Milk,7,0.87
2024-09-04,Bread,7,1.1
2024-08-10,Sugar,3,1.01
2024-08-07,Cookies,5,1.41
2024-12-29,Sugar,5,1.07
2025-05-22,Canned Tuna,6,1.38
2024-04-28,Chicken,3,5.41
2025-03-14,Canned Tuna,6,1.34
2025-05-18,Tomato,5,1.18
2025-02-14,Chocolate,4,1.66
2024-07-22,Cookies,4,1.53
2024-10-06,Pasta,5,1.03
2025-04-10,Tea,6,2.29
2024-02-24,Yogurt,4,0.51
2024-11-30,Cheese,2,2.6
2025-05-24,Apple,7,0.67
2024-02-02,Red Wine,4,5.91
2024-06-30,Mineral Water,5,0.38
2025-02-02,Salt,5,0.41
2024-02-27,Red Wine,7,6.21
2024-02-16,Canned Tuna,6,1.33
2024-12-15,Apple,3,0.75
2024-11-15,Canned Tuna,5,1.29
2024-11-29,Eggs,4,0.23
2025-02-03,Milk,8,0.94
2024-12-13,Pasta,5,1.12
2024-02-18,Banana,8,0.51
2024-04-07,Rice,4,1.43
2024-03-19,Eggs,4,0.24
2024-09-14,Tea,5,2.24
2025-04-23,Coffee,7,3.81
2024-05-31,Olive Oil,8,7.07
2024-07-27,Lettuce,6,0.84
2024-09-01,Mineral Water,4,0.33
2025-05-12,Yogurt,3,0.51
2024-10-11,Salt,5,0.44
2024-02-26,Chocolate,4,1.82
2025-01-07,Cheese,3,2.5
2024-04-24,Chocolate,4,1.86
2024-11-16,Eggs,9,0.26
2024-08-07,Pasta,6,1.17
2025-03-09,Olive Oil,6,6.42
2024-02-05,Red Wine,7,6.12
2024-05-04,Toilet Paper,8,0.46
2024-08-29,Salt,7,0.43
2024-03-23,Rice,7,1.22
2024-11-30,Red Wine,10,5.87
2024-07-23,Beer,6,0.88
2024-05-13,Tea,3,2.02
2024-12-01,Coffee,6,3.94
2024-01-24,Rice,6,1.22
2025-02-14,Salt,6,0.41
2024-04-30,Coffee,3,3.75
2024-07-27,Bread,5,1.25
2024-08-08,Tomato,6,1.2
2024-09-25,Rice,4,1.36
2024-05-16,Lettuce,5,0.92
2024-09-19,Pasta,4,1.2
2024-12-28,Cheese,3,2.39
2025-01-25,Coffee,5,4.13
2024-07-02,Rice,4,1.42
2025-06-27,Olive Oil,4,6.07
2024-05-10,Mineral Water,2,0.32
2024-11-16,Red Wine,8,6.34
2024-02-24,Mineral Water,7,0.38
2024-09-23,Tomato,2,1.02
2024-12-31,Banana,4,0.52
2024-12-23,Cookies,4,1.52
2024-01-05,Cheese,7,2.45
2024-12-02,Sugar,5,1.05
2024-11-27,Bread,5,1.15
2024-12-03,Apple,6,0.63
2024-10-16,Milk,8,0.98
2024-09-02,Pasta,5,1.17
2024-05-03,Canned Tuna,6,1.28
2024-04-08,Rice,5,1.3
2025-03-12,Chicken,9,5.21
2025-05-22,Cheese,5,2.36
2024-05-10,Sugar,6,1.03
2024-03-19,Chocolate,4,1.95
2025-05-30,Milk,7,0.95
2024-03-26,Bread,4,1.11
2024-07-10,Mineral Water,6,0.38
2024-04-29,Tomato,6,1.03
2025-02-08,Bread,9,1.12
2024-07-11,Rice,4,1.19
2024-11-04,Bread,6,1.13
2025-05-11,Beer,5,0.79
2024-12-07,Red Wine,5,5.33
2025-02-13,Bread,8,1.1
2024-01-20,Red Wine,6,5.92
2024-12-21,Mineral Water,5,0.36
2024-07-15,Beer,2,0.88
2025-04-24,Red Wine,4,5.72
2024-06-14,Apple,7,0.75
2024-06-09,Coffee,4,3.58
2024-09-24,Coffee,7,3.79
2024-08-20,Chicken,6,5.38
2024-02-21,Yogurt,11,0.56
2025-06-03,Beer,8,0.9
2024-10-26,Yogurt,3,0.51
2024-05-21,Cookies,5,1.48
2025-06-01,Yogurt,6,0.59
2025-06-26,Banana,5,0.46
2024-01-31,Mineral Water,7,0.37
2025-06-13,Beer,1,0.79
2024-02-07,Cheese,4,2.38
2024-11-07,Chocolate,10,1.95
2024-10-13,Toilet Paper,2,0.47
2025-03-28,Sugar,6,1.02
2025-02-03,Cookies,6,1.45
2024-12-14,Toilet Paper,6,0.47
2024-09-04,Tea,3,1.96
2025-01-16,Rice,3,1.36
2024-05-07,Olive Oil,2,6.67
2024-10-18,Beer,11,0.82
2024-07-16,Chocolate,6,1.9
2025-03-11,Chicken,4,5.15
2024-09-27,Apple,6,0.7
2024-05-10,Eggs,7,0.25
2024-08-05,Red Wine,4,6.15
2024-10-23,Beer,7,0.85
2024-10-28,Milk,3,0.95
2024-10-17,Red Wine,5,5.34
2024-12-23,Tomato,2,1.03
2025-05-31,Cheese,9,2.79
2024-08-26,Tea,7,2.08
2024-10-11,Canned Tuna,3,1.35
2024-11-12,Tea,2,1.93
2025-05-02,Salt,7,0.41
2024-07-29,Sugar,4,1.08
2024-02-16,Lettuce,5,0.96
2025-02-28,Red Wine,2,6.33
2024-04-11,Bread,3,1.29
2024-11-10,Salt,3,0.37
2024-02-29,Mineral Water,3,0.36
2024-05-03,Rice,4,1.27
2024-03-03,Milk,6,0.89
2024-10-02,Pasta,5,1.09
2024-03-26,Salt,6,0.44
2024-09-08,Tea,4,2.1
2024-10-23,Salt,4,0.44
2025-05-08,Tea,1,2.3
2025-06-30,Olive Oil,7,6.63
2025-05-31,Eggs,7,0.23
2024-12-02,Pasta,8,1.18
2024-01-10,Bread,4,1.3
2024-03-20,Chocolate,5,1.68
2024-01-09,Salt,8,0.36
2024-10-14,Yogurt,4,0.55
2024-08-14,Chocolate,4,1.95
2024-08-02,Lettuce,3,0.99
2024-06-28,Bread,8,1.13
2024-01-24,Cheese,7,2.65
2025-03-13,Cookies,4,1.55
2025-06-14,Tea,6,2.17
2024-02-18,Beer,3,0.85
2024-08-19,Olive Oil,6,7.04
2024-11-14,Cookies,3,1.48
2024-12-08,Cheese,5,2.67
2025-03-25,Olive Oil,7,6.17
2024-02-04,Yogurt,3,0.56
2025-03-28,Canned Tuna,3,1.35
2024-10-28,Milk,4,0.91
2024-04-13,Canned Tuna,8,1.37
2025-06-13,Pasta,2,1.13
2024-03-10,Pasta,2,1.12
2025-03-07,Eggs,4,0.26
2024-11-15,Red Wine,4,6.17
2024-12-17,Eggs,7,0.25
2024-05-28,Rice,1,1.27
2024-07-24,Milk,4,0.9
2024-12-09,Tea,8,2.27
2024-01-04,Coffee,5,3.65
2025-01-19,Tea,6,1.98
2024-01-11,Tomato,2,1.08
2024-01-31,Cheese,6,2.53
2024-01-23,Tomato,6,1.03
2025-01-23,Banana,3,0.53
2025-01-16,Tea,4,2.22
2024-05-13,Chocolate,6,1.68
2024-07-12,Tomato,6,1.03
2024-05-09,Salt,4,0.38
2025-04-26,Sugar,3,1.09
2025-06-15,Chocolate,5,1.84
2024-07-31,Beer,9,0.8
2025-01-21,Lettuce,4,0.97
2024-03-27,Eggs,3,0.23
2025-02-22,Rice,6,1.29
2024-03-18,Chicken,4,5.52
2024-10-10,Chicken,4,5.62
2024-07-24,Lettuce,2,0.83
2024-05-21,Pasta,5,1.03
2024-11-02,Cookies,2,1.57
2024-06-01,Rice,7,1.38
2025-04-24,Canned Tuna,5,1.32
2025-03-03,Toilet Paper,4,0.48
2024-05-11,Tomato,3,1.09
2024-12-29,Rice,1,1.42
2024-02-02,Pasta,7,1.04
2025-02-04,Apple,8,0.65
2025-04-07,Cheese,3,2.62
2024-06-30,Tea,2,2.27
2024-07-22,Milk,2,1.01
2025-04-10,Cheese,4,2.81
2024-11-30,Milk,1,0.93
2024-07-30,Mineral Water,5,0.34
2024-11-13,Apple,5,0.75
2024-09-09,Eggs,7,0.24
2024-04-03,Sugar,4,0.97
2025-03-18,Rice,9,1.34
2024-06-10,Beer,5,0.83
2024-08-10,Olive Oil,4,7.0
2024-11-29,Red Wine,5,5.8
2025-04-17,Mineral Water,4,0.35
2024-09-13,Canned Tuna,3,1.36
2024-09-05,Yogurt,5,0.57
2024-01-19,Cookies,4,1.64
2024-01-12,Coffee,4,3.5
2024-02-18,Chocolate,6,1.72
2024-01-05,Tea,6,2.23
2025-03-07,Milk,5,1.0
2024-04-08,Bread,4,1.32
2024-11-30,Chocolate,3,1.68
2024-08-06,Pasta,5,1.11
2025-04-14,Yogurt,4,0.53
2024-08-11,Lettuce,4,0.82
2024-04-07,Mineral Water,7,0.34
2024-11-21,Coffee,6,3.67
2024-01-14,Chocolate,6,1.79
2024-09-06,Lettuce,4,0.81
2025-01-19,Coffee,3,3.48
2024-11-21,Tomato,6,1.13
2024-10-22,Tea,3,2.22
2024-09-11,Bread,4,1.13
2024-03-07,Chocolate,5,1.87
2024-07-28,Red Wine,3,5.39
2025-04-23,Apple,5,0.64
2025-04-04,Rice,4,1.21
2025-03-19,Tea,7,1.97
2025-01-25,Apple,2,0.74
2025-04-19,Mineral Water,6,0.37
2024-05-19,Rice,3,1.29
2025-05-27,Cookies,3,1.49
2024-02-09,Toilet Paper,9,0.47
2024-12-22,Yogurt,4,0.54
2025-01-29,Sugar,3,1.04
2025-01-05,Mineral Water,2,0.37
2025-04-11,Tea,3,2.19
2024-04-29,Chocolate,4,1.67
2025-03-13,Cheese,7,2.68
2024-12-18,Olive Oil,9,6.75
2024-06-21,Apple,4,0.67
2025-03-17,Red Wine,4,5.31
2025-05-29,Banana,3,0.47
2024-07-06,Yogurt,3,0.54
2025-01-21,Tomato,7,1.05
2024-03-03,Yogurt,5,0.53
2024-02-12,Olive Oil,1,6.83
2025-03-15,Yogurt,7,0.52
2024-12-30,Pasta,7,1.07
2025-02-15,Pasta,1,1.17
2025-06-27,Toilet Paper,3,0.48
2024-01-04,Olive Oil,7,7.09
2025-01-03,Tea,2,2.29
2025-05-02,Milk,7,1.04
2025-06-16,Chocolate,5,1.93
2024-03-30,Eggs,3,0.26
2024-04-01,Rice,9,1.39
2024-09-20,Yogurt,6,0.54
2025-05-18,Chocolate,3,1.79
2024-12-17,Cheese,5,2.75
2024-10-24,Canned Tuna,8,1.51
2024-11-16,Cheese,6,2.4
2024-03-04,Canned Tuna,1,1.42
2024-08-15,Eggs,8,0.25
2025-04-11,Yogurt,6,0.54
2024-05-06,Apple,6,0.71
2024-08-03,Olive Oil,8,7.15
2024-06-12,Toilet Paper,8,0.49
2024-07-18,Bread,7,1.21
2024-11-07,Cookies,5,1.61
2024-01-10,Beer,7,0.88
2024-04-08,Chicken,8,5.43
2025-06-11,Chicken,2,5.69
2024-05-01,Tea,4,2.03
2024-04-01,Lettuce,5,0.88
2024-03-25,Beer,5,0.91
2025-05-06,Yogurt,3,0.55
2024-11-01,Olive Oil,5,6.75
2025-06-26,Eggs,7,0.23
2024-07-03,Red Wine,8,5.39
2024-07-30,Bread,3,1.21
2024-05-07,Tea,3,1.96
2025-06-15,Sugar,6,0.96
2024-08-02,Rice,7,1.34
2024-08-08,Cookies,4,1.38
2025-03-08,Apple,3,0.71
2024-09-17,Cheese,4,2.63
2024-07-16,Chocolate,6,1.77
2024-01-27,Cookies,7,1.46
2024-04-01,Coffee,5,3.61
2024-08-15,Chicken,5,5.63
2024-12-23,Canned Tuna,7,1.53
2024-02-19,Cookies,3,1.52
2024-05-10,Banana,8,0.48
2025-01-22,Olive Oil,3,5.86
2025-03-04,Eggs,5,0.26
2024-08-22,Cookies,6,1.49
2024-03-22,Rice,4,1.34
2024-10-19,Cheese,3,2.72
2025-03-10,Salt,2,0.43
2024-12-19,Chocolate,11,1.8
2025-04-04,Lettuce,6,0.99
2024-05-16,Banana,4,0.52
2024-04-25,Sugar,3,0.97
2024-11-02,Pasta,4,1.19
2025-06-11,Red Wine,5,5.66
2025-04-16,Milk,4,1.03
2024-01-10,Pasta,4,1.06
2024-09-13,Yogurt,6,0.54
2025-03-25,Lettuce,5,0.89
2024-07-22,Chocolate,4,1.92
2024-12-05,Yogurt,2,0.52
2025-03-07,Milk,4,0.89
2024-04-20,Red Wine,10,5.96
2024-08-30,Bread,2,1.11
2025-03-15,Milk,6,0.98
2024-09-26,Lettuce,4,0.92
2024-06-01,Cookies,7,1.42
2024-01-19,Lettuce,4,0.83
2024-03-03,Coffee,7,3.57
2025-01-07,Sugar,2,0.99
2024-11-25,Olive Oil,5,7.08
2024-12-08,Tomato,5,1.05
2025-01-05,Rice,5,1.2
2024-04-18,Toilet Paper,5,0.48
2024-07-16,Apple,5,0.72
2025-04-30,Cookies,4,1.48
2024-09-15,Tomato,3,1.11
2025-03-05,Salt,5,0.44
2024-10-07,Sugar,2,1.09
2024-07-13,Cookies,3,1.64
2025-03-24,Toilet Paper,4,0.48
2024-06-12,Sugar,4,0.98
2024-10-01,Eggs,8,0.24
2024-05-16,Salt,6,0.37
2024-04-28,Olive Oil,4,6.99
2024-10-28,Bread,7,1.24
2024-12-30,Pasta,2,1.21
2024-04-18,Lettuce,3,0.94
2024-10-02,Toilet Paper,7,0.47
2025-01-12,Tomato,5,1.12
2024-07-08,Apple,2,0.76
2024-06-15,Banana,4,0.47
2025-04-10,Banana,4,0.53
2024-01-22,Tea,6,2.3
2024-03-26,Yogurt,4,0.59
2024-01-10,Olive Oil,2,6.04
2025-03-30,Yogurt,4,0.55
2024-05-06,Banana,4,0.48
2025-03-01,Bread,3,1.28
2024-10-20,Apple,4,0.63
2024-03-19,Lettuce,9,0.98
2024-06-03,Coffee,4,3.67
2024-10-20,Banana,5,0.49
2024-03-19,Chicken,4,5.59
2025-04-02,Bread,4,1.29
2024-11-26,Toilet Paper,6,0.48
2024-12-07,Apple,5,0.66
2025-06-29,Apple,5,0.74
2024-01-03,Salt,8,0.43
2025-04-30,Tomato,1,1.21
2024-05-22,Apple,3,0.76
2024-05-21,Rice,6,1.29
2025-03-10,Yogurt,3,0.6
2024-06-10,Chicken,4,4.74
2025-03-02,Bread,3,1.12
2024-12-11,Apple,5,0.74
2024-06-26,Beer,5,0.9
2025-05-28,Sugar,6,0.93
2024-08-04,Rice,6,1.35
2024-03-20,Canned Tuna,4,1.43
2024-07-18,Cookies,6,1.49
2024-10-15,Olive Oil,4,5.99
2024-07-25,Banana,4,0.5
2024-02-15,Tea,3,2.28
2024-11-12,Eggs,3,0.27
2024-05-12,Bread,6,1.32
2025-01-26,Cookies,6,1.55
2024-04-05,Red Wine,4,6.0
2025-05-28,Cookies,4,1.42
2024-10-24,Sugar,5,1.1
2024-09-01,Chicken,4,5.33
2024-11-12,Tomato,6,1.21
2024-03-10,Salt,6,0.43
2025-04-16,Olive Oil,3,6.6
2025-02-22,Olive Oil,9,7.13
2025-02-27,Coffee,5,4.12
2024-09-07,Sugar,5,0.99
2024-04-17,Cookies,1,1.6
2025-04-21,Rice,7,1.27
2025-05-12,Yogurt,7,0.5
2024-06-08,Tomato,3,1.14
2025-01-05,Red Wine,5,5.48
2025-03-09,Mineral Water,3,0.38
2024-03-24,Olive Oil,3,6.18
2024-02-25,Rice,5,1.4
2024-06-13,Cheese,6,2.81
2024-05-28,Cookies,8,1.48
2025-04-14,Pasta,5,1.14
2024-04-09,Apple,9,0.7
2024-12-22,Milk,5,0.9
2025-01-07,Tomato,3,1.2
2025-04-11,Bread,4,1.15
2024-06-29,Mineral Water,5,0.34
2025-03-23,Beer,6,0.84
2025-02-25,Tea,8,2.01
2024-02-03,Yogurt,5,0.55
2024-07-19,Chocolate,4,1.72
2025-06-03,Red Wine,9,6.43
2025-02-28,Rice,6,1.24
2025-03-16,Milk,6,0.86
2025-03-15,Lettuce,4,0.91
2024-08-24,Apple,5,0.76
2025-02-05,Yogurt,2,0.57
2024-01-27,Tea,4,2.27
2024-05-13,Mineral Water,7,0.32
2024-09-08,Beer,5,0.87
2025-04-15,Toilet Paper,9,0.48
2024-03-20,Coffee,3,3.51
2025-02-27,Red Wine,4,6.31
2024-06-13,Cheese,6,2.59
2024-12-21,Banana,6,0.48
2025-06-18,Red Wine,2,6.48
2024-08-09,Toilet Paper,5,0.43
2024-05-09,Chicken,3,4.8
2024-10-28,Olive Oil,3,6.21
2024-10-14,Beer,5,0.89
2025-05-14,Canned Tuna,4,1.29
2024-03-06,Mineral Water,8,0.38
2025-02-23,Beer,2,0.79
2025-03-15,Rice,6,1.33
2024-11-17,Banana,3,0.49
2024-03-08,Yogurt,6,0.5
2024-03-17,Canned Tuna,5,1.34
2025-05-20,Eggs,5,0.27
2024-11-30,Red Wine,3,5.37
2025-06-30,Eggs,9,0.24
2025-03-01,Sugar,3,0.91
2024-11-16,Toilet Paper,3,0.43
2025-01-17,Red Wine,6,6.03
2024-08-19,Coffee,6,3.5
2024-02-23,Banana,5,0.46
2024-11-07,Olive Oil,2,7.0
2024-11-22,Cheese,7,2.48
2025-05-04,Apple,6,0.74
2024-10-30,Chocolate,4,1.8
2025-05-21,Cookies,6,1.37
2025-06-24,Milk,6,0.9
2025-05-31,Sugar,4,1.07
2024-10-11,Yogurt,7,0.6
2024-09-03,Mineral Water,6,0.33
2025-06-27,Bread,2,1.29
2025-02-10,Beer,4,0.82
2025-01-26,Sugar,4,0.99
2024-10-09,Toilet Paper,3,0.49
2024-09-11,Sugar,3,1.02
2024-09-29,Yogurt,2,0.52
2025-02-18,Lettuce,3,0.82
2024-07-27,Canned Tuna,5,1.37
2024-07-08,Chicken,3,5.34
2024-12-06,Sugar,7,1.08
2025-04-30,Beer,1,0.79
2024-01-10,Mineral Water,3,0.34
2024-09-10,Coffee,2,3.69
2024-04-06,Red Wine,7,5.44
2024-01-14,Yogurt,7,0.53
2025-06-15,Chicken,7,4.99
2024-05-25,Toilet Paper,3,0.46
2025-01-21,Chicken,6,5.2
2024-12-23,Tea,7,1.94
2025-06-16,Pasta,4,1.08
2024-05-30,Cookies,8,1.45
2025-05-13,Beer,4,0.88
2025-05-15,Rice,5,1.19
2024-05-21,Rice,3,1.17
2025-03-18,Chicken,8,5.59
2024-12-29,Eggs,2,0.27
2024-11-05,Lettuce,5,0.96
2024-05-18,Coffee,6,3.66
2025-04-17,Mineral Water,3,0.35
2025-01-01,Salt,6,0.37
2025-03-07,Beer,5,0.83
2024-10-27,Cheese,5,2.73
2025-06-14,Milk,3,1.0
2024-04-09,Beer,4,0.91
2024-07-28,Rice,6,1.32
2024-11-14,Sugar,6,0.93
2025-05-11,Toilet Paper,1,0.49
2024-05-03,Coffee,2,3.94
2024-05-04,Sugar,5,0.92
2024-09-03,Rice,11,1.28
2025-05-19,Banana,5,0.5
2025-03-11,Chicken,4,5.37
2024-11-06,Apple,3,0.63
2025-04-14,Milk,6,0.98
2025-06-21,Olive Oil,4,5.86
2024-12-13,Canned Tuna,3,1.4
2025-05-10,Beer,6,0.89
2024-11-27,Canned Tuna,6,1.53
2024-06-11,Eggs,4,0.27
2024-06-27,Lettuce,8,0.83
2024-04-27,Toilet Paper,4,0.49
2025-04-05,Milk,6,1.02
2024-06-14,Canned Tuna,6,1.3
2024-05-23,Mineral Water,6,0.37
2024-07-08,Bread,3,1.17
2024-05-21,Chocolate,8,1.88
2025-05-25,Cheese,6,2.57
2024-10-23,Lettuce,2,0.82
2024-09-04,Olive Oil,4,6.36
2024-04-23,Sugar,3,1.09
2024-12-12,Eggs,3,0.25
2024-03-04,Mineral Water,5,0.33
2025-03-02,Lettuce,7,0.9
2025-05-23,Coffee,6,3.98
2024-07-19,Sugar,7,0.95
2025-05-08,Salt,3,0.41
2024-04-28,Milk,4,0.93
2024-04-04,Beer,6,0.79
2024-01-16,Eggs,5,0.23
2025-03-25,Toilet Paper,2,0.43
2024-05-05,Banana,6,0.48
2024-08-13,Chocolate,5,1.65
2025-05-30,Beer,7,0.89
2025-06-17,Yogurt,6,0.5
2024-08-28,Lettuce,5,0.86
2024-02-04,Cookies,3,1.48
2025-01-28,Olive Oil,4,6.21
2025-03-17,Red Wine,4,5.33
2024-12-10,Salt,4,0.36
2024-02-28,Olive Oil,7,6.9
2025-01-25,Yogurt,9,0.56
2024-10-07,Beer,3,0.89
2024-10-07,Cheese,4,2.86
2024-11-10,Chicken,4,4.96
2024-01-10,Eggs,4,0.26
2024-11-17,Beer,6,0.77
2024-06-27,Cheese,5,2.57
2025-03-26,Apple,5,0.75
2024-12-27,Eggs,6,0.24
2025-03-30,Salt,3,0.42
2025-03-12,Yogurt,5,0.55
2024-10-28,Rice,6,1.21
2024-01-27,Coffee,3,3.44
2024-02-03,Yogurt,7,0.56
2024-08-17,Chocolate,4,1.88
2025-04-28,Eggs,7,0.25
2024-09-05,Chocolate,5,1.81
2025-06-01,Chicken,7,4.92
2024-09-07,Cheese,7,2.82
2025-02-22,Mineral Water,5,0.36
2024-07-03,Mineral Water,4,0.35
2025-04-26,Beer,3,0.77
2024-06-19,Toilet Paper,3,0.41
2024-12-10,Cheese,8,2.41
2024-12-29,Eggs,3,0.26
2024-06-04,Beer,10,0.92
2024-04-09,Bread,6,1.22
2024-11-22,Lettuce,7,0.86
2024-10-11,Banana,5,0.55
2024-10-21,Eggs,3,0.27
2024-04-18,Olive Oil,4,6.48
2024-02-10,Lettuce,5,0.93
2025-03-12,Salt,5,0.4
2025-03-18,Toilet Paper,6,0.45
2024-08-15,Red Wine,6,5.62
2024-03-16,Toilet Paper,4,0.41
2025-06-17,Cookies,3,1.56
2024-07-19,Pasta,9,1.03
2024-03-31,Olive Oil,4,6.46
2024-03-09,Sugar,2,1.07
2024-09-26,Red Wine,3,5.97
2024-08-25,Coffee,6,3.71
2024-10-21,Rice,6,1.34
2024-11-22,Mineral Water,4,0.38
2024-10-24,Chocolate,8,1.66
2024-11-21,Olive Oil,5,6.51
2024-02-16,Mineral Water,6,0.34
2024-12-03,Rice,5,1.29
2025-01-23,Apple,2,0.71
2024-02-20,Cheese,4,2.75
2025-01-17,Sugar,7,0.94
2024-01-21,Pasta,3,1.08
2024-08-23,Sugar,4,0.92
2025-01-21,Tea,3,2.21
2025-03-01,Tea,6,2.06
2024-11-15,Bread,6,1.08
2025-04-27,Pasta,4,1.08
2024-09-07,Canned Tuna,6,1.34
2024-08-17,Canned Tuna,5,1.26
2024-12-06,Eggs,5,0.27
2025-05-16,Apple,3,0.74
2024-08-26,Eggs,5,0.24
2024-11-25,Milk,4,1.0
2024-08-02,Cookies,2,1.52
2024-03-24,Salt,6,0.42
2024-01-14,Yogurt,2,0.54
2025-03-10,Banana,4,0.5
2024-10-28,Red Wine,7,5.51
2025-06-19,Toilet Paper,6,0.49
2024-05-18,Chocolate,8,1.69
2025-03-02,Banana,2,0.5
2024-04-06,Banana,4,0.47
2024-08-19,Salt,4,0.4
2024-09-17,Chicken,8,5.33
2024-08-09,Salt,3,0.4
2024-10-10,Olive Oil,5,6.08
2024-05-30,Toilet Paper,6,0.48
2025-06-07,Apple,4,0.65
2025-01-29,Beer,5,0.84
2025-05-16,Cookies,11,1.49
2025-01-09,Cookies,5,1.59
2025-01-18,Beer,6,0.9
2024-11-13,Banana,4,0.54
2024-10-08,Pasta,5,1.01
2024-02-28,Tea,3,2.09
2024-01-30,Eggs,10,0.27
2025-03-05,Coffee,4,4.1
2024-10-11,Yogurt,3,0.5
2025-01-10,Tomato,8,1.13
2024-07-16,Sugar,4,0.9
2024-07-22,Sugar,3,0.93
2024-10-07,Cookies,4,1.5
2024-04-02,Salt,6,0.39
2025-01-18,Banana,6,0.52
2024-05-15,Beer,6,0.78
2024-11-19,Rice,3,1.18
2025-03-26,Mineral Water,4,0.33
2025-01-29,Olive Oil,7,5.97
2025-05-30,Apple,6,0.71
2025-04-23,Salt,4,0.43
2024-05-23,Olive Oil,3,5.89
2024-04-17,Beer,4,0.86
2025-01-01,Tea,6,2.04
2024-09-06,Rice,8,1.21
2024-08-27,Olive Oil,4,6.79
2024-06-19,Sugar,5,0.92
2024-12-07,Rice,6,1.4
2024-01-01,Milk,5,1.04
2024-07-27,Chocolate,4,1.67
2025-04-27,Mineral Water,6,0.32
2024-05-11,Salt,7,0.41
2024-03-14,Pasta,7,1.16
2024-12-14,Chicken,6,5.19
2024-08-04,Sugar,6,1.06
2025-05-07,Rice,5,1.28
2024-03-25,Milk,5,0.9
2024-11-22,Chicken,4,5.39
2024-09-21,Apple,7,0.71
2025-01-08,Toilet Paper,6,0.46
2024-09-21,Yogurt,6,0.58
2025-05-16,Tomato,5,1.1
2024-01-25,Beer,5,0.83
2024-02-06,Salt,4,0.38
2024-05-09,Coffee,5,3.5
2024-02-11,Toilet Paper,10,0.42
2024-04-13,Cheese,3,2.51
2024-09-20,Canned Tuna,6,1.4
2024-09-24,Toilet Paper,5,0.46
2025-04-29,Rice,4,1.33
2024-10-06,Tomato,8,1.16
2024-05-12,Bread,2,1.18
2024-11-28,Olive Oil,5,6.2
2024-01-13,Lettuce,7,0.82
2024-06-23,Pasta,5,1.06
2025-05-13,Chocolate,4,1.76
2024-11-18,Salt,4,0.44
2024-12-26,Beer,3,0.88
2025-05-17,Eggs,4,0.25
2024-08-04,Lettuce,5,0.88
2025-02-14,Yogurt,4,0.56
2024-11-21,Salt,6,0.39
2024-10-22,Sugar,8,1.01
2025-03-04,Bread,5,1.21
2024-01-24,Mineral Water,7,0.34
2025-02-02,Pasta,5,1.12
2025-04-28,Salt,5,0.4
2025-04-17,Cookies,4,1.63
2024-12-05,Beer,7,0.81
2025-06-16,Banana,5,0.47
2024-05-03,Red Wine,3,6.33
2025-05-07,Cookies,3,1.58
2025-06-07,Toilet Paper,5,0.41
2024-09-25,Tea,3,2.16
2024-12-13,Eggs,3,0.26
2024-03-16,Apple,3,0.76
2025-03-31,Beer,4,0.92
2024-08-14,Pasta,6,1.16
2024-06-07,Chicken,7,5.27
2024-08-21,Toilet Paper,4,0.48
2025-01-07,Bread,3,1.28
2025-05-11,Toilet Paper,10,0.45
2024-03-07,Tea,4,1.96
2024-05-02,Pasta,4,1.04
2025-06-20,Tea,4,1.97
2024-04-11,Lettuce,2,0.94
2024-02-27,Pasta,5,1.1
2025-04-12,Beer,6,0.86
2024-03-06,Banana,4,0.45
2025-05-03,Apple,2,0.7
2025-05-04,Beer,4,0.78
2024-11-03,Yogurt,4,0.54
2025-02-20,Eggs,10,0.23
2025-06-28,Coffee,6,3.63
2024-07-05,Lettuce,5,0.87
2025-03-29,Red Wine,7,5.32
2025-05-28,Pasta,5,1.13
2024-08-03,Rice,3,1.25
2024-06-10,Eggs,4,0.26
2024-08-22,Coffee,6,3.92
2024-12-28,Olive Oil,4,6.46
2025-02-17,Toilet Paper,4,0.43
2024-07-26,Milk,5,1.04
2025-03-13,Tomato,3,1.14
2024-10-07,Canned Tuna,4,1.35
2025-05-13,Yogurt,8,0.5
2024-10-09,Lettuce,4,0.86
2024-03-16,Salt,3,0.39
2024-09-23,Pasta,8,1.2
2024-03-10,Salt,2,0.4
2025-04-24,Cookies,6,1.56
2024-05-02,Lettuce,6,0.89
2025-06-25,Tea,3,2.06
2025-03-23,Milk,2,1.03
2024-03-09,Milk,5,1.04
2024-06-11,Toilet Paper,3,0.41
2024-10-10,Sugar,7,1.07
2025-06-24,Beer,6,0.84
2024-11-26,Cookies,7,1.57
2024-06-05,Mineral Water,9,0.33
2024-02-10,Tomato,3,1.16
2024-11-06,Apple,5,0.71
2025-03-26,Banana,5,0.49
2025-02-12,Yogurt,6,0.59
2025-06-12,Tomato,4,1.04
2024-04-02,Yogurt,7,0.51
2024-01-08,Sugar,3,0.97
2024-03-27,Canned Tuna,8,1.48
2024-05-24,Tea,6,2.16
2025-06-15,Lettuce,1,0.84
2024-08-02,Apple,3,0.65
2025-06-15,Toilet Paper,4,0.46
2024-06-15,Apple,4,0.73
2024-01-27,Bread,5,1.2
2025-06-21,Pasta,5,1.0
2024-08-16,Banana,1,0.47
2025-03-26,Cheese,4,2.56
2025-05-02,Apple,2,0.75
2025-05-19,Red Wine,6,6.37
2024-03-25,Toilet Paper,5,0.48
2024-07-08,Toilet Paper,4,0.41
2025-03-08,Toilet Paper,8,0.46
2025-01-29,Chicken,4,5.37
2024-02-04,Tea,3,1.91
2025-02-19,Lettuce,6,0.84
2024-12-11,Beer,6,0.93
2024-12-16,Pasta,6,1.21
2024-05-09,Sugar,3,0.95
2024-12-21,Yogurt,4,0.52
2024-08-15,Rice,9,1.29
2025-06-29,Bread,6,1.13
2024-06-18,Chicken,4,5.24
2025-02-14,Tea,8,2.16
2024-03-17,Rice,6,1.27
2025-02-24,Olive Oil,5,6.77
2024-12-24,Apple,9,0.65
2024-07-29,Cheese,6,2.46
2025-04-27,Beer,5,0.79
2024-03-13,Lettuce,4,0.93
2025-04-22,Toilet Paper,5,0.44
2025-01-06,Mineral Water,6,0.36
2024-09-14,Lettuce,9,0.97
2025-05-12,Tea,5,2.1
2025-01-19,Lettuce,6,0.92
2024-09-01,Coffee,8,3.81
2025-03-26,Chicken,5,5.28
2024-07-04,Beer,7,0.86
2025-04-12,Bread,4,1.23
2024-09-26,Olive Oil,6,6.32
2025-05-26,Banana,6,0.47
2024-04-02,Cheese,6,2.51
2025-03-24,Tea,7,2.06
2024-10-30,Chicken,5,5.46
2025-02-18,Salt,4,0.4
2025-01-29,Olive Oil,3,6.04
2024-06-07,Yogurt,9,0.59
2024-08-12,Chocolate,2,1.98
2024-01-22,Lettuce,4,0.97
2025-06-15,Coffee,5,3.79
2024-09-26,Eggs,6,0.24
2024-09-09,Mineral Water,6,0.34
2024-08-21,Salt,6,0.41
2025-03-24,Toilet Paper,7,0.44
2025-04-04,Red Wine,3,6.01
2024-10-09,Salt,5,0.41
2025-03-17,Eggs,3,0.24
2024-11-07,Cookies,4,1.58
2025-01-01,Pasta,9,1.04
2024-07-04,Eggs,9,0.23
2025-02-17,Bread,3,1.24
2024-11-14,Eggs,6,0.26
2024-09-23,Chicken,3,4.86
2024-04-06,Canned Tuna,4,1.32
2024-01-02,Sugar,5,0.95
2024-03-12,Sugar,5,0.9
2024-06-07,Banana,4,0.47
2024-02-09,Coffee,7,3.7
2024-07-03,Salt,5,0.43
2024-03-08,Eggs,11,0.25
2024-03-01,Pasta,5,1.04
2025-06-23,Red Wine,7,6.27
2025-04-03,Eggs,5,0.25
2025-05-10,Tomato,6,1.05
2024-02-12,Coffee,5,3.72
2024-11-06,Tomato,8,1.2
2024-07-01,Canned Tuna,6,1.31
2024-07-27,Sugar,7,0.97
2025-01-25,Red Wine,2,5.55
2024-06-30,Tomato,6,1.19
2024-05-25,Canned Tuna,3,1.49
2024-10-06,Coffee,7,3.61
2024-01-11,Mineral Water,6,0.36
2024-08-16,Tea,3,2.18
2024-12-01,Cheese,4,2.67
2024-09-24,Banana,6,0.54
2025-05-24,Yogurt,4,0.58
2025-02-01,Tomato,4,1.02
2024-05-26,Banana,4,0.46
2024-08-03,Beer,4,0.87
2024-02-27,Toilet Paper,7,0.43
2024-01-26,Canned Tuna,6,1.37
2024-11-21,Beer,4,0.78
2024-06-22,Milk,3,0.88
2024-08-27,Toilet Paper,3,0.49
2024-02-06,Bread,5,1.17
2025-05-02,Eggs,2,0.25
2025-04-10,Eggs,7,0.26
2024-06-27,Red Wine,4,6.39
2024-11-03,Canned Tuna,3,1.54
2025-02-19,Apple,7,0.64
2025-06-26,Mineral Water,7,0.38
2024-11-10,Tomato,10,1.04
2024-12-11,Tomato,8,1.08
2024-07-30,Salt,5,0.43
2024-11-20,Canned Tuna,8,1.42
2024-04-09,Beer,8,0.81
2024-02-24,Cheese,1,2.38
2024-08-06,Pasta,4,1.18
2024-04-13,Rice,7,1.39
2025-02-23,Salt,3,0.37
2024-05-30,Banana,6,0.51
2025-05-03,Beer,3,0.78
2025-05-18,Banana,7,0.53
2024-11-03,Chocolate,5,1.82
2024-03-26,Chocolate,7,1.76
2025-03-03,Chicken,2,5.31
2024-11-22,Banana,5,0.49
2024-02-11,Banana,4,0.46
2024-05-13,Olive Oil,4,6.82
2025-02-01,Coffee,4,3.43
2024-12-16,Milk,6,0.99
2024-11-22,Apple,7,0.76
2024-04-19,Sugar,2,1.08
2024-01-14,Lettuce,6,0.82
2024-04-18,Toilet Paper,8,0.48
2024-04-03,Coffee,4,3.51
2024-08-26,Cookies,1,1.64
2025-05-02,Tomato,3,1.0
2024-03-22,Tomato,8,1.15
2024-03-18,Banana,5,0.55
2025-06-02,Tomato,6,1.03
2024-03-07,Tea,8,2.01
2025-04-01,Milk,5,0.87
2025-01-01,Bread,10,1.31
2024-06-23,Toilet Paper,6,0.48
2024-06-05,Milk,8,0.99
2025-01-09,Apple,7,0.73
2025-04-28,Bread,6,1.18
2024-10-11,Apple,3,0.67
2024-04-18,Lettuce,7,0.84
2024-08-09,Cheese,5,2.84
2025-06-26,Mineral Water,7,0.35
2024-01-19,Rice,5,1.26
2024-12-14,Beer,9,0.83
2024-01-20,Eggs,11,0.26
2025-05-17,Pasta,4,1.1
2024-05-26,Beer,7,0.87
2024-01-04,Chicken,2,5.56
2024-07-11,Pasta,8,1.07
2024-07-18,Coffee,2,3.88
2024-09-24,Sugar,5,1.06
2025-03-07,Tomato,2,1.02
2024-11-17,Cheese,6,2.53
2024-05-11,Yogurt,4,0.6
2025-01-19,Pasta,5,1.2
2024-02-05,Salt,4,0.36
2024-05-15,Tea,4,2.01
2025-06-19,Red Wine,2,5.39
2025-05-19,Banana,6,0.54
2024-07-31,Canned Tuna,5,1.41
2024-01-25,Beer,4,0.79
2024-08-26,Milk,3,0.98
2025-02-09,Apple,3,0.76
2025-02-28,Bread,2,1.2
2024-08-23,Salt,2,0.37
2024-06-17,Eggs,4,0.25
2024-07-25,Canned Tuna,7,1.32
2025-06-08,Coffee,6,3.61
2024-07-29,Canned Tuna,3,1.32
2025-04-19,Tomato,6,1.16
2024-01-13,Milk,5,0.98
2024-06-18,Tomato,7,1.17
2024-01-01,Red Wine,6,5.88
2024-02-24,Bread,7,1.23
2025-03-03,Chicken,4,4.9
2024-02-01,Tea,8,1.9
2024-01-24,Red Wine,6,5.52
2025-02-11,Cookies,3,1.52
2025-04-21,Chocolate,2,1.76
2024-02-15,Mineral Water,1,0.33
2024-10-05,Chocolate,6,1.64
2024-02-15,Tomato,2,1.04
2025-01-07,Eggs,6,0.27
2024-05-29,Cheese,5,2.65
2024-12-21,Pasta,4,1.15
2024-09-16,Rice,6,1.21
2024-02-13,Apple,5,0.68
2024-07-29,Pasta,8,1.1
2024-06-17,Cookies,8,1.47
2025-02-08,Toilet Paper,5,0.43
2024-06-08,Sugar,7,1.03
2025-05-31,Cookies,2,1.62
2024-04-08,Yogurt,6,0.55
2024-07-09,Tomato,2,1.0
2024-11-03,Chocolate,5,1.65
2024-02-12,Pasta,5,1.08
2024-02-01,Chocolate,2,1.8
2024-12-25,Olive Oil,4,6.76
2025-05-14,Chocolate,2,1.8
2024-12-11,Cheese,6,2.59
2024-04-07,Lettuce,6,0.92
2025-06-02,Bread,3,1.24
2024-02-19,Beer,5,0.78
2024-10-24,Olive Oil,5,6.61
2024-03-19,Coffee,2,3.67
2025-01-20,Tomato,5,1.1
2024-06-17,Milk,8,0.91
2025-05-23,Apple,3,0.65
2025-03-22,Chicken,7,5.51
2025-01-01,Salt,2,0.42
2024-07-10,Red Wine,5,5.78
2024-02-10,Chocolate,8,1.69
2024-01-13,Lettuce,5,0.85
2024-09-06,Yogurt,5,0.55
2025-02-01,Red Wine,4,6.26
2025-06-06,Salt,4,0.41
2025-02-27,Apple,5,0.75
2025-03-18,Tea,3,2.04
2025-01-17,Milk,3,1.02
2024-06-10,Canned Tuna,7,1.39
2024-03-08,Lettuce,4,0.92
2025-04-20,Salt,5,0.37
2025-04-26,Tea,5,2.23
2024-12-11,Sugar,8,1.0
2024-10-04,Cheese,5,2.7
2024-07-14,Rice,4,1.32
2025-03-10,Chicken,4,5.69
2025-01-05,Chocolate,6,1.86
2024-09-09,Cookies,6,1.51
2025-04-15,Tomato,7,1.12
2025-01-20,Salt,3,0.39
2024-07-12,Salt,1,0.44
2024-02-22,Olive Oil,6,7.06
2024-05-23,Mineral Water,4,0.36
2024-04-20,Banana,4,0.46
2025-03-09,Salt,2,0.4
2024-10-10,Tomato,3,1.0
2024-08-30,Rice,5,1.28
2024-01-18,Apple,6,0.63
2025-02-20,Banana,5,0.46
2024-11-11,Lettuce,5,0.85
2024-03-24,Mineral Water,4,0.36
2024-10-05,Mineral Water,6,0.36
2024-07-29,Tomato,7,1.18
2025-02-17,Chicken,4,4.83
2024-09-06,Tomato,8,1.04
2025-04-01,Tea,6,2.18
2024-06-21,Mineral Water,5,0.32
2024-06-11,Lettuce,8,0.96
2024-05-25,Cheese,5,2.66
2024-04-04,Mineral Water,5,0.33
2024-07-19,Coffee,9,3.46
2024-07-02,Coffee,2,3.96
2024-01-09,Salt,6,0.37
2025-05-31,Pasta,3,1.18
2025-01-11,Milk,4,0.93
2024-02-13,Eggs,5,0.26
2025-02-08,Cheese,4,2.85
2025-06-20,Salt,9,0.4
2024-03-16,Mineral Water,3,0.33
2024-01-25,Coffee,5,4.18
2024-11-05,Pasta,8,1.1
2024-08-20,Canned Tuna,1,1.33
2024-02-22,Beer,5,0.81
2025-04-21,Lettuce,4,0.98
2025-05-03,Canned Tuna,4,1.51
2024-04-13,Milk,6,1.03
2025-06-17,Apple,3,0.73
2025-06-13,Chicken,6,4.71
2025-06-02,Eggs,4,0.23
2024-05-27,Cheese,6,2.86
2024-02-15,Apple,4,0.74
2024-06-04,Rice,3,1.17
2024-03-08,Mineral Water,3,0.35
2025-04-24,Banana,3,0.54
2024-12-16,Banana,3,0.54
2024-06-08,Coffee,9,3.97
2024-01-23,Chocolate,6,1.87
2024-09-20,Mineral Water,7,0.35
2024-04-10,Yogurt,6,0.59
2024-06-15,Cookies,5,1.51
2025-03-22,Coffee,4,3.79
2025-01-14,Canned Tuna,3,1.49
2024-08-28,Yogurt,6,0.53
2024-03-25,Rice,6,1.23
2024-02-22,Toilet Paper,6,0.41
2025-01-10,Bread,2,1.19
2024-11-13,Chocolate,4,1.87
2024-01-01,Pasta,3,1.01
2024-10-18,Tomato,7,1.16
2024-08-17,Apple,5,0.64
2025-04-08,Cookies,4,1.44
2025-04-17,Chicken,9,5.67
2024-04-30,Apple,2,0.73
2024-12-06,Apple,3,0.65
2024-11-05,Cookies,7,1.45
2024-06-09,Cookies,2,1.41
2024-09-15,Canned Tuna,2,1.31
2024-11-30,Canned Tuna,6,1.31
2024-06-17,Toilet Paper,6,0.49
2025-05-22,Olive Oil,5,6.39
2025-05-09,Olive Oil,8,7.03
2025-02-04,Sugar,5,0.94
2025-04-12,Sugar,9,1.1
2024-03-05,Milk,1,0.91
2024-09-28,Red Wine,7,6.29
2024-08-22,Rice,6,1.4
2024-02-18,Milk,3,0.9
2024-11-09,Cheese,8,2.76
2024-06-30,Coffee,9,3.92
2025-03-15,Salt,1,0.41
2024-09-21,Cheese,3,2.51
2024-04-09,Banana,5,0.52
2024-01-04,Rice,5,1.25
2025-05-27,Lettuce,6,0.82
2024-04-04,Salt,4,0.4
2024-03-29,Chicken,4,4.86
2024-12-25,Cheese,6,2.42
2025-02-16,Bread,4,1.16
2024-11-25,Tomato,11,1.03
2024-12-29,Tea,3,2.04
2024-04-08,Bread,7,1.32
2024-02-03,Coffee,7,3.82
2024-11-03,Tea,5,2.02
2024-06-05,Chocolate,3,1.97
2024-03-17,Olive Oil,3,6.29
2024-10-18,Red Wine,2,5.67
2025-06-21,Pasta,2,1.03
2024-09-27,Coffee,2,3.88
2024-02-20,Pasta,4,1.06
2024-10-31,Olive Oil,8,6.25
2024-12-07,Yogurt,4,0.59
2024-01-05,Olive Oil,2,6.81
2024-04-19,Yogurt,3,0.59
2024-04-16,Olive Oil,5,6.06
2024-09-01,Tea,6,2.23
2024-08-31,Mineral Water,5,0.32
2025-02-25,Milk,5,0.94
2025-05-24,Eggs,4,0.24
2024-07-07,Bread,4,1.31
2024-02-17,Tea,5,2.13
2024-01-03,Toilet Paper,4,0.41
2025-04-02,Tea,4,1.98
2025-06-15,Apple,5,0.65
2024-09-05,Chocolate,5,1.72
2024-01-04,Red Wine,2,5.89
2025-04-14,Mineral Water,3,0.35
2025-03-12,Sugar,4,0.96
2024-08-17,Bread,4,1.19
2024-08-28,Beer,7,0.8
2025-01-14,Tea,5,2.09
2025-02-17,Sugar,4,0.95
2025-06-26,Bread,5,1.1
2024-01-21,Banana,2,0.51
2024-11-09,Pasta,5,1.16
2025-01-24,Toilet Paper,8,0.47
2025-03-17,Red Wine,7,6.05
2025-02-24,Salt,3,0.36
2024-05-18,Milk,6,0.89
2025-02-22,Lettuce,3,0.94
2024-09-13,Yogurt,7,0.6
2024-06-20,Coffee,4,3.83
2024-08-22,Chocolate,8,1.89
2024-01-28,Eggs,5,0.24
2024-10-08,Toilet Paper,2,0.41
2024-08-02,Tomato,4,1.03
2024-04-30,Tomato,4,1.02
2024-03-05,Toilet Paper,6,0.49
2025-01-18,Banana,1,0.5
2024-06-06,Milk,5,0.96
2025-06-27,Mineral Water,5,0.32
2025-03-31,Eggs,9,0.27
2025-04-21,Olive Oil,7,6.26
2025-06-30,Cheese,4,2.79
2024-07-03,Yogurt,5,0.56
2024-03-16,Salt,3,0.43
2024-09-24,Lettuce,3,0.91
2024-07-29,Pasta,3,1.11
2024-03-23,Apple,5,0.74
2024-01-12,Toilet Paper,5,0.47
2024-03-24,Bread,5,1.27
2024-01-27,Cheese,6,2.7
2025-05-31,Toilet Paper,3,0.42
2025-05-03,Tea,4,2.01
2024-10-22,Rice,3,1.3
2024-02-11,Sugar,2,1.02
2024-01-03,Sugar,2,0.99
2025-06-12,Chocolate,4,1.71
2024-10-02,Olive Oil,4,6.54
2024-02-10,Sugar,7,0.95
2024-12-29,Tea,5,2.09
2024-02-18,Bread,6,1.27
2024-06-30,Yogurt,7,0.59
2024-10-01,Salt,7,0.44
2024-06-23,Lettuce,4,0.84
2025-03-05,Sugar,5,1.01
2025-04-18,Cookies,6,1.39
2025-02-16,Milk,8,1.01
2024-01-24,Lettuce,4,0.94
2025-06-27,Chocolate,4,1.65
2024-04-21,Sugar,2,1.08
2024-03-04,Chicken,6,4.93
2024-10-25,Chocolate,3,1.87
2024-11-18,Lettuce,5,0.85
2025-04-22,Cookies,6,1.39
2024-07-22,Toilet Paper,2,0.48
2024-11-26,Lettuce,4,0.92
2024-03-19,Lettuce,2,0.82
2025-05-27,Cheese,6,2.82
2024-07-08,Mineral Water,3,0.37
2025-02-28,Tomato,3,1.17
2025-01-21,Yogurt,3,0.56
2025-03-01,Pasta,5,1.09
2024-03-13,Bread,6,1.29
2024-08-24,Yogurt,4,0.59
2024-05-22,Canned Tuna,2,1.41
2024-05-31,Mineral Water,4,0.33
2024-09-18,Cheese,3,2.46
2024-12-11,Milk,8,0.99
2024-04-08,Lettuce,4,0.9
2024-07-27,Yogurt,6,0.58
2024-06-06,Chicken,4,5.09
2024-08-11,Chocolate,4,1.78
2025-05-12,Olive Oil,5,7.02
2024-11-07,Tea,9,2.25
2025-05-03,Salt,4,0.36
2024-05-07,Chocolate,6,1.95
2024-02-18,Milk,3,0.87
2024-01-17,Sugar,5,0.97
2025-01-19,Cookies,8,1.65
2025-01-09,Chocolate,9,1.73
2024-01-22,Eggs,4,0.24
2024-05-24,Sugar,9,1.08
2025-03-03,Mineral Water,8,0.34
2024-08-13,Bread,5,1.23
2024-01-18,Pasta,5,1.14
2025-03-20,Rice,5,1.39
2024-09-29,Pasta,6,1.0
2024-08-09,Cheese,4,2.75
2024-12-10,Bread,7,1.21
2024-11-14,Yogurt,4,0.52
2025-06-10,Sugar,6,0.95
2024-07-25,Mineral Water,6,0.36
2024-03-08,Cheese,5,2.38
2025-04-09,Canned Tuna,6,1.41
2025-01-12,Mineral Water,7,0.37
2025-04-04,Lettuce,6,0.92
2024-01-20,Apple,4,0.73
2024-06-13,Salt,6,0.42
2024-03-09,Eggs,6,0.26
2024-11-17,Tomato,3,1.03
2024-03-22,Chicken,4,5.42
2024-06-16,Beer,4,0.77
2024-12-19,Bread,6,1.17
2024-10-30,Canned Tuna,2,1.29
2024-05-24,Rice,4,1.24
2024-10-18,Canned Tuna,3,1.34
2025-04-26,Milk,3,0.9
2024-07-10,Salt,5,0.37
2025-05-18,Cheese,2,2.35
2024-12-14,Eggs,5,0.25
2024-04-27,Toilet Paper,8,0.48
2024-08-22,Sugar,3,0.94
2025-03-14,Eggs,3,0.26
2024-05-30,Canned Tuna,7,1.45
2024-05-27,Bread,1,1.17
2024-06-12,Cheese,3,2.68
2024-12-09,Cheese,3,2.86
2024-06-27,Salt,5,0.44
2024-10-01,Cheese,7,2.85
2024-06-11,Lettuce,4,0.89
2024-02-04,Apple,2,0.75
2024-10-25,Coffee,6,3.95
2025-04-07,Tea,7,1.94
2025-02-15,Tea,7,2.12
2025-04-07,Beer,4,0.83
2025-06-28,Olive Oil,5,6.34
2024-05-12,Red Wine,6,5.76
2025-06-28,Pasta,3,1.1
2024-07-09,Pasta,1,1.14
2024-10-02,Chocolate,2,1.85
2024-05-07,Bread,7,1.24
2025-06-20,Banana,5,0.48
2024-09-09,Canned Tuna,5,1.39
2024-04-15,Tea,10,2.29
2025-05-09,Pasta,6,1.08
2024-08-14,Banana,4,0.54
2025-02-04,Cookies,6,1.42
2024-11-24,Chicken,6,5.06
2024-11-09,Red Wine,3,6.22
2024-07-22,Tea,8,2.15
2025-01-07,Sugar,4,1.07
2024-12-01,Tomato,3,1.08
2025-03-12,Tomato,8,1.01
2024-06-02,Beer,3,0.91
2024-12-28,Cookies,4,1.61
2024-05-14,Banana,6,0.5
2024-05-20,Red Wine,6,5.32
2024-06-20,Pasta,10,1.11
2025-03-08,Apple,6,0.7
2024-05-01,Chicken,5,5.51
2024-02-10,Cheese,4,2.76
2024-08-30,Milk,5,0.88
2024-08-01,Apple,5,0.72
2024-10-18,Bread,7,1.16
2025-04-04,Sugar,8,1.0
2025-06-11,Tea,5,2.22
2024-08-11,Toilet Paper,4,0.47
2024-03-05,Banana,3,0.52
2024-11-08,Apple,3,0.66
2024-04-02,Coffee,2,3.49
2024-01-25,Sugar,4,0.95
2024-07-04,Salt,4,0.37
2024-02-03,Chicken,6,5.18
2024-09-03,Pasta,5,1.02
2025-04-13,Toilet Paper,6,0.41
2024-01-30,Chocolate,6,1.7
2024-06-24,Pasta,5,1.03
2024-06-19,Yogurt,7,0.58
2024-11-11,Pasta,5,1.13
2024-01-21,Olive Oil,7,6.39
2025-03-25,Eggs,7,0.24
2024-02-26,Bread,2,1.12
2025-05-17,Pasta,5,1.04
2024-04-10,Cookies,6,1.62
2025-05-15,Apple,7,0.74
2025-06-10,Coffee,9,4.04
2024-02-11,Chicken,3,4.87
2024-11-24,Tomato,4,0.99
2024-06-01,Yogurt,7,0.55
2024-11-06,Tea,5,2.13
2024-01-06,Tomato,5,1.1
2024-04-27,Eggs,4,0.25
2025-04-16,Apple,4,0.69
2024-04-01,Mineral Water,4,0.35
2024-05-03,Yogurt,3,0.51
2024-08-07,Coffee,8,3.97
2024-01-14,Milk,3,0.91
2024-10-15,Chocolate,5,1.68
2024-12-11,Banana,5,0.46
2024-01-18,Bread,4,1.22
2024-08-07,Eggs,8,0.23
2024-04-09,Cookies,5,1.55
2025-01-02,Lettuce,3,0.98
2024-03-17,Salt,5,0.39
2025-01-05,Toilet Paper,4,0.48
2024-03-03,Coffee,3,3.54
2024-08-21,Beer,4,0.89
2024-06-11,Apple,5,0.65
2024-10-19,Chocolate,1,1.85
2025-04-07,Milk,5,0.9
2024-06-25,Chicken,7,5.12
2024-02-15,Lettuce,5,0.86
2024-07-31,Salt,3,0.36
2024-04-02,Bread,5,1.27
2024-02-01,Red Wine,7,5.5
2025-06-04,Toilet Paper,3,0.41
2024-08-22,Milk,2,0.93
2025-06-27,Pasta,3,1.01
2024-07-20,Olive Oil,3,6.49
2025-05-23,Bread,7,1.08
2025-03-26,Bread,7,1.13
2024-09-03,Olive Oil,5,6.94
2024-09-29,Apple,2,0.73
2024-03-10,Canned Tuna,4,1.38
2024-01-21,Yogurt,4,0.5
2024-10-03,Toilet Paper,5,0.46
2024-06-25,Eggs,3,0.23
2025-05-23,Milk,3,0.9
2025-04-19,Canned Tuna,4,1.48
2025-01-26,Eggs,5,0.25
2024-08-03,Yogurt,8,0.51
2025-04-01,Toilet Paper,5,0.47
2024-02-22,Bread,7,1.1
2024-09-22,Sugar,7,0.99
2025-06-09,Yogurt,5,0.59
2024-01-23,Coffee,6,3.8
2024-03-13,Toilet Paper,5,0.48
2024-12-30,Salt,5,0.43
2024-06-25,Sugar,6,1.0
2025-04-30,Milk,2,1.01
2025-02-16,Pasta,5,1.09
2025-03-09,Cheese,7,2.74
2024-02-21,Salt,7,0.43
2024-12-29,Olive Oil,6,5.91
2024-08-17,Mineral Water,6,0.32
2024-02-16,Pasta,8,1.15
2024-09-28,Coffee,5,4.12
2024-06-05,Coffee,4,3.75
2025-02-20,Salt,5,0.39
2025-02-13,Olive Oil,5,6.56
2025-03-22,Salt,2,0.42
2024-01-23,Apple,6,0.77
2024-04-25,Coffee,2,4.05
2024-07-28,Eggs,6,0.27
2024-07-10,Cookies,4,1.47
2024-12-06,Lettuce,3,0.82
2024-05-28,Cookies,4,1.36
2024-07-16,Olive Oil,3,6.01
2025-02-15,Cookies,2,1.44
2024-02-12,Cheese,6,2.58
2025-02-14,Salt,2,0.4
2025-02-27,Beer,3,0.91
2024-07-08,Sugar,3,1.07
2025-03-26,Canned Tuna,8,1.44
2024-12-14,Rice,4,1.41
2024-07-03,Eggs,4,0.24
2024-04-26,Milk,6,1.02
2025-02-08,Cheese,6,2.59
2024-09-23,Tomato,4,1.08
2024-11-04,Pasta,3,1.07
2025-01-20,Apple,3,0.67
2025-03-22,Canned Tuna,7,1.45
2025-04-06,Olive Oil,8,6.06
2025-01-13,Rice,6,1.37
2025-02-10,Olive Oil,7,6.89
2025-03-11,Tea,3,2.03
2024-07-04,Banana,2,0.54
2024-06-30,Beer,8,0.84
2024-09-14,Olive Oil,4,6.77
2024-01-16,Salt,3,0.42
2024-06-26,Yogurt,6,0.55
2024-10-06,Eggs,4,0.25
2024-06-17,Beer,7,0.79
2025-01-30,Milk,6,0.89
2024-11-13,Salt,6,0.36
2025-03-15,Apple,8,0.65
2024-07-20,Olive Oil,4,6.25
2025-05-18,Cheese,7,2.4
2024-06-19,Chocolate,7,1.96
2024-01-13,Red Wine,7,5.51
2024-07-18,Tea,6,2.12
2024-08-23,Milk,8,0.93
2024-03-09,Rice,9,1.17
2025-03-13,Mineral Water,5,0.34
2024-08-10,Milk,4,1.01
2024-11-24,Beer,2,0.88
2025-01-30,Lettuce,5,0.93
2024-03-03,Coffee,5,3.85
2024-10-07,Rice,4,1.43
2024-06-28,Beer,8,0.88
2025-06-17,Olive Oil,4,6.02
2025-05-26,Lettuce,3,0.85
2024-08-05,Bread,7,1.17
2024-07-08,Banana,2,0.46
2024-03-05,Lettuce,1,0.84
2024-01-31,Cookies,3,1.51
2024-10-29,Sugar,7,1.07
2024-03-28,Tomato,7,1.07
2024-05-21,Eggs,3,0.25
2024-01-04,Tomato,5,1.06
2024-10-12,Tomato,5,1.15
2024-02-17,Pasta,4,1.2
2025-02-06,Mineral Water,4,0.35
2024-08-18,Chicken,2,4.99
2025-04-25,Rice,6,1.17
2024-07-18,Milk,1,0.95
2025-02-18,Mineral Water,5,0.34
2024-08-27,Banana,2,0.49
2025-01-14,Salt,9,0.39
2024-08-30,Eggs,5,0.25
2025-06-18,Apple,5,0.63
2024-01-06,Eggs,4,0.25
2025-04-17,Eggs,2,0.24
2024-10-30,Chicken,7,5.03
2025-02-16,Canned Tuna,6,1.43
2024-03-17,Apple,4,0.69
2024-12-20,Beer,7,0.77
2024-05-24,Chocolate,5,1.73
2024-02-20,Apple,4,0.75
2024-02-24,Cheese,4,2.67
2024-02-29,Beer,10,0.79
2025-04-08,Cheese,5,2.59
2024-03-08,Lettuce,7,0.83
2025-01-15,Milk,5,1.0
2024-07-09,Bread,5,1.23
2024-05-19,Mineral Water,6,0.32
2025-05-10,Tomato,5,1.0
2024-05-24,Olive Oil,8,7.03
2024-09-20,Eggs,5,0.25
2025-04-30,Olive Oil,7,7.09
2024-09-21,Tomato,5,1.17
2025-04-24,Pasta,5,1.0
2024-06-04,Rice,7,1.23
2025-03-15,Mineral Water,4,0.35
2024-11-01,Beer,10,0.8
2025-03-30,Canned Tuna,3,1.52
2025-02-10,Olive Oil,4,6.77
2024-11-28,Banana,5,0.47
2024-04-14,Yogurt,3,0.5
2025-06-03,Lettuce,2,0.83
2024-10-29,Canned Tuna,3,1.29
2024-01-25,Cookies,4,1.63
2024-06-30,Canned Tuna,6,1.46
2025-03-03,Bread,8,1.29
2024-08-07,Cookies,2,1.63
2025-03-24,Toilet Paper,8,0.49
2024-05-12,Rice,4,1.18
2025-01-09,Beer,2,0.87
2024-01-10,Tea,3,1.9
2024-05-01,Canned Tuna,5,1.34
2024-08-07,Bread,2,1.15
2024-11-03,Mineral Water,4,0.32
2024-06-27,Tea,3,2.15
2025-01-05,Salt,5,0.39
2025-02-11,Canned Tuna,5,1.28
2025-05-03,Eggs,5,0.25
2024-08-11,Olive Oil,5,5.91
2025-02-06,Chocolate,6,1.69
2024-06-13,Red Wine,4,5.85
2025-05-20,Tea,1,2.04
2024-10-19,Tomato,3,1.21
2024-08-14,Yogurt,7,0.55
2024-02-02,Rice,2,1.26
2025-02-27,Eggs,5,0.23
2024-04-29,Sugar,1,0.95
2024-12-08,Cheese,4,2.54
2024-06-24,Beer,7,0.82
2024-07-02,Eggs,6,0.26
2025-04-18,Bread,4,1.29
2024-12-18,Beer,4,0.92
2024-07-12,Banana,2,0.47
2025-06-21,Mineral Water,5,0.36
2025-01-15,Yogurt,8,0.55
2025-04-19,Pasta,3,1.11
2024-12-13,Cookies,5,1.64
2025-05-06,Lettuce,7,0.9
2024-04-08,Banana,4,0.53
2024-06-30,Sugar,3,0.93
2024-06-08,Salt,5,0.38
2024-05-14,Milk,4,0.9
2024-05-09,Toilet Paper,7,0.48
2024-02-06,Toilet Paper,1,0.46
2024-05-14,Tea,4,1.98
2024-07-17,Apple,5,0.73
2024-02-28,Milk,7,1.03
2024-08-17,Chicken,7,5.42
2024-11-01,Apple,8,0.74
2024-01-30,Canned Tuna,5,1.5
2024-03-24,Olive Oil,6,6.17
2024-02-27,Tomato,2,1.2
2024-08-27,Chicken,8,5.1
2024-10-20,Cookies,5,1.47
2024-07-20,Olive Oil,3,6.24
2024-07-13,Chocolate,7,1.73
2024-05-30,Apple,4,0.75
2024-11-24,Olive Oil,4,6.13
2025-05-19,Olive Oil,5,6.73
2024-11-14,Coffee,5,4.14
2024-09-02,Cookies,5,1.38
2024-09-08,Apple,8,0.73
2025-01-09,Olive Oil,4,7.08
2024-10-02,Chocolate,6,1.81
2024-09-02,Red Wine,10,5.7
2024-08-01,Mineral Water,8,0.34
2024-01-09,Olive Oil,3,6.01
2024-05-26,Eggs,7,0.24
2024-09-02,Pasta,5,1.16
2025-01-29,Bread,6,1.19
2024-11-04,Yogurt,9,0.6
2024-04-16,Pasta,6,1.18
2025-05-22,Chocolate,3,1.95
2025-01-12,Sugar,3,1.06
2025-01-06,Toilet Paper,4,0.45
2025-05-24,Chocolate,9,1.72
2025-06-25,Tomato,4,1.13
2024-11-27,Mineral Water,7,0.37
2024-12-31,Mineral Water,5,0.33
2024-02-16,Apple,5,0.74
2024-11-12,Milk,4,0.86
2024-11-04,Banana,4,0.48
2024-06-17,Lettuce,7,0.98
2025-02-04,Milk,4,0.89
2025-05-11,Banana,2,0.54
2024-06-22,Lettuce,7,0.87
2024-01-02,Apple,6,0.72
2025-03-13,Rice,7,1.26
2025-04-15,Cheese,4,2.6
2024-01-15,Milk,8,0.95
2024-07-06,Red Wine,8,5.46
2024-11-28,Cookies,9,1.38
2024-06-05,Beer,4,0.89
2024-07-07,Apple,10,0.76
2024-12-11,Banana,3,0.52
2025-05-05,Tomato,3,1.07
2024-08-29,Lettuce,6,0.82
2024-03-14,Bread,7,1.2
2025-02-12,Lettuce,4,0.95
2025-05-02,Lettuce,5,0.91
2024-06-27,Milk,2,0.92
2024-12-16,Tea,4,2.17
2024-04-03,Pasta,1,1.08
2024-07-08,Eggs,5,0.26
2024-05-20,Milk,1,0.95
2025-05-23,Bread,3,1.14
2024-07-25,Yogurt,3,0.51
2025-06-19,Eggs,7,0.24
2024-07-08,Red Wine,4,5.56
2025-05-01,Apple,6,0.69
2024-04-03,Tea,9,2.12
2024-05-07,Tea,7,2.21
2024-01-25,Apple,2,0.64
2025-03-06,Chicken,8,5.19
2025-04-05,Salt,6,0.4
2024-02-04,Rice,4,1.4
2024-12-27,Olive Oil,2,6.97
2025-01-30,Pasta,2,1.14
2025-01-01,Olive Oil,5,6.58
2025-01-14,Apple,3,0.71
2025-01-11,Eggs,1,0.25
2024-03-21,Chicken,5,4.79
2025-03-21,Pasta,8,1.13
2024-09-20,Lettuce,6,0.86
2024-09-07,Cheese,4,2.75
2024-10-03,Coffee,5,3.6
2024-12-02,Mineral Water,6,0.33
2024-09-12,Sugar,10,0.98
2025-04-01,Banana,1,0.46
2025-06-15,Apple,5,0.64
2024-09-07,Chicken,7,4.88
2024-08-16,Bread,5,1.09
2024-04-27,Eggs,4,0.23
2025-04-27,Tomato,7,1.15
2024-11-01,Bread,7,1.21
2024-08-16,Tomato,3,1.05
2024-07-06,Salt,2,0.4
2024-09-11,Tomato,3,1.17
2024-04-20,Tomato,3,1.06
2024-11-17,Bread,9,1.15
2024-04-01,Cookies,5,1.56
2024-02-08,Tea,4,2.17
2024-02-18,Rice,5,1.22
2024-06-12,Banana,6,0.47
2024-01-17,Tomato,4,1.03
2024-01-11,Apple,3,0.68
2025-03-14,Lettuce,5,0.81
2024-02-28,Beer,8,0.83
2024-08-24,Banana,4,0.48
2024-10-04,Toilet Paper,4,0.46
2024-01-17,Cookies,4,1.63
2025-01-17,Cheese,4,2.58
2024-09-23,Milk,11,0.94
2024-08-20,Mineral Water,6,0.32
2024-03-06,Salt,5,0.43
2024-09-17,Banana,7,0.47
2024-07-11,Sugar,3,1.04
2024-02-18,Beer,4,0.86
2024-02-21,Yogurt,5,0.55
2024-08-18,Chocolate,6,1.95
2024-11-21,Coffee,5,3.53
2025-05-19,Toilet Paper,4,0.48
2024-10-23,Canned Tuna,4,1.47
2024-07-15,Apple,6,0.65
2024-07-19,Tomato,1,1.15
2025-05-29,Tomato,4,1.2
2025-04-20,Sugar,3,1.0
2025-01-18,Bread,1,1.27
2025-04-03,Coffee,5,3.94
2024-11-20,Red Wine,5,5.61
2025-01-02,Mineral Water,5,0.33
2024-05-17,Eggs,4,0.23
2025-02-24,Bread,5,1.24
2024-09-07,Tomato,5,1.0
2024-07-03,Beer,5,0.88
2024-12-13,Milk,4,0.94
2024-08-17,Yogurt,5,0.52
2024-06-04,Cookies,3,1.61
2024-10-30,Yogurt,2,0.6
2024-04-22,Sugar,9,1.03
2024-11-08,Sugar,3,0.97
2025-05-29,Apple,3,0.75
2025-02-01,Red Wine,4,5.83
2024-07-03,Tea,7,2.06
2024-07-06,Yogurt,4,0.56
2024-09-16,Bread,2,1.15
2025-04-27,Salt,8,0.38
2024-06-13,Coffee,7,3.76
2025-03-18,Sugar,3,1.04
2024-07-20,Mineral Water,5,0.34
2024-11-25,Toilet Paper,4,0.42
2024-12-29,Tea,6,1.91
2025-02-11,Salt,7,0.42
2024-08-20,Salt,4,0.42
2025-05-10,Banana,8,0.53
2025-02-16,Mineral Water,3,0.38
2024-04-21,Banana,3,0.49
2024-06-05,Bread,5,1.31
2024-11-29,Yogurt,8,0.57
2024-02-14,Cookies,6,1.63
2024-03-17,Mineral Water,9,0.37
2025-03-05,Coffee,6,3.52
2024-01-18,Eggs,5,0.27
2025-01-28,Cookies,5,1.6
2024-11-11,Banana,4,0.51
2025-03-21,Coffee,5,3.81
2025-02-25,Tea,8,2.16
2025-05-11,Mineral Water,4,0.36
2024-12-26,Bread,5,1.21
2025-06-05,Chocolate,3,1.84
2025-04-14,Tomato,5,1.17
2025-01-24,Sugar,5,1.09
2025-06-11,Rice,5,1.37
2024-05-22,Canned Tuna,5,1.51
2024-07-02,Beer,4,0.77
2024-07-13,Olive Oil,4,6.55
2024-04-18,Chocolate,7,1.91
2024-08-05,Salt,7,0.39
2025-01-01,Milk,8,0.98
2024-10-28,Canned Tuna,6,1.34
2024-06-14,Mineral Water,6,0.35
2024-07-27,Mineral Water,3,0.38
2024-10-29,Mineral Water,3,0.34
2024-12-17,Rice,5,1.42
2024-05-25,Mineral Water,5,0.35
2024-07-01,Apple,6,0.65
2024-10-28,Banana,4,0.54
2024-11-29,Beer,5,0.9
2024-08-25,Chicken,4,5.3
2024-03-24,Salt,1,0.38
2024-09-12,Apple,6,0.67
2024-03-10,Canned Tuna,2,1.3
2025-03-11,Cookies,5,1.58
2024-11-24,Olive Oil,4,6.55
2024-05-23,Salt,4,0.39
2025-05-29,Cookies,2,1.61
2024-02-23,Pasta,3,1.1
2024-04-04,Sugar,2,1.07
2025-03-24,Olive Oil,6,6.43
2025-04-15,Sugar,6,1.05
2025-06-06,Tomato,4,1.05
2024-07-24,Salt,5,0.36
2024-06-28,Lettuce,6,0.96
2025-03-21,Salt,4,0.37
2025-03-31,Banana,2,0.48
2024-04-19,Cookies,8,1.44
2024-06-15,Chicken,7,5.12
2024-08-02,Eggs,3,0.27
2024-12-15,Canned Tuna,5,1.3
2025-05-06,Milk,6,0.97
2024-03-28,Lettuce,5,0.91
2025-06-10,Salt,5,0.41
2024-12-22,Sugar,11,0.96
2024-03-14,Sugar,4,0.93
2024-05-20,Beer,6,0.89
2024-09-25,Rice,8,1.31
2025-06-19,Pasta,7,1.17
2024-03-24,Yogurt,7,0.5
2024-06-19,Eggs,8,0.24
2024-08-14,Yogurt,6,0.54
2024-07-18,Chicken,9,4.77
2024-05-04,Apple,2,0.72
2025-06-29,Eggs,2,0.24
2025-03-12,Apple,5,0.75
2025-05-29,Milk,4,0.96
2024-05-18,Cookies,2,1.39
2025-02-15,Rice,7,1.23
2024-09-08,Apple,4,0.76
2024-12-07,Tomato,3,1.07
2024-09-09,Salt,6,0.39
2024-12-21,Cheese,5,2.68
2024-05-17,Yogurt,4,0.51
2024-06-11,Sugar,3,1.08
2024-03-25,Salt,6,0.41
2024-04-17,Canned Tuna,4,1.49
2024-09-28,Coffee,8,4.18
2024-05-18,Milk,4,1.04
2024-05-26,Red Wine,1,6.47
2024-10-04,Red Wine,5,5.81
2024-01-23,Beer,4,0.78
2024-06-26,Eggs,10,0.25
2024-12-02,Sugar,9,1.01
2024-07-20,Salt,4,0.42
2024-04-18,Bread,4,1.23
2024-11-08,Canned Tuna,4,1.49
2025-06-08,Tomato,7,1.12
2024-09-14,Lettuce,4,0.94
2024-01-13,Yogurt,1,0.52
2024-05-10,Coffee,6,4.11
2024-09-25,Canned Tuna,3,1.3
2024-01-08,Cheese,7,2.68
2025-05-21,Olive Oil,2,6.84
2024-10-04,Cookies,3,1.53
2025-05-09,Chicken,3,5.72
2024-10-10,Cookies,3,1.53
2024-06-03,Salt,3,0.44
2025-01-17,Toilet Paper,4,0.44
2024-08-07,Cheese,4,2.86
2024-07-16,Banana,3,0.49
2025-02-12,Rice,5,1.27
2024-12-09,Beer,4,0.88
2025-02-23,Lettuce,4,0.88
2025-04-21,Salt,1,0.41
2024-09-06,Red Wine,2,6.02
2025-04-17,Apple,4,0.68
2024-07-28,Cheese,4,2.44
2025-02-03,Salt,4,0.43
2024-10-13,Red Wine,5,5.48
2024-03-11,Toilet Paper,4,0.44
2024-08-18,Red Wine,5,6.29
2024-01-16,Rice,5,1.25
2024-01-18,Apple,4,0.68
2024-07-06,Eggs,6,0.24
2024-03-21,Mineral Water,4,0.36
2024-05-17,Tea,3,2.09
2024-02-07,Olive Oil,4,7.08
2025-03-16,Apple,6,0.64
2024-08-07,Salt,11,0.43
2025-06-22,Beer,2,0.83
2024-03-31,Olive Oil,5,6.26
2024-05-13,Eggs,2,0.23
2025-06-25,Cheese,2,2.57
2025-04-04,Tomato,8,1.08
2025-03-18,Milk,4,0.95
2024-05-31,Banana,6,0.46
2024-01-22,Bread,4,1.17
2025-06-17,Bread,8,1.21
2025-02-19,Eggs,3,0.26
2025-05-21,Bread,7,1.09
2024-12-10,Tomato,9,1.2
2024-02-11,Rice,7,1.31
2025-03-20,Milk,5,0.86
2024-04-04,Yogurt,6,0.59
2024-11-12,Chocolate,5,1.84
2025-01-06,Apple,4,0.77
2024-11-25,Tomato,3,1.06
2024-02-24,Canned Tuna,7,1.52
2025-06-03,Yogurt,7,0.5
2025-06-27,Apple,8,0.76
2024-05-19,Chicken,3,5.2
2025-04-10,Beer,6,0.8
2024-12-05,Bread,5,1.08
2025-02-11,Yogurt,7,0.56
2024-09-27,Yogurt,3,0.59
2024-09-05,Mineral Water,2,0.34
2024-06-28,Sugar,2,0.93
2024-05-08,Tomato,5,1.21
2024-11-28,Bread,5,1.24
2024-11-08,Lettuce,6,0.98
2024-01-26,Tea,5,1.96
2025-05-26,Yogurt,2,0.56
2024-08-28,Toilet Paper,5,0.47
2024-11-21,Chicken,4,5.26
2025-03-04,Yogurt,6,0.58
2025-03-28,Cookies,7,1.59
2024-03-02,Mineral Water,7,0.37
2025-02-26,Tea,1,1.98
2024-10-05,Yogurt,6,0.58
2024-04-23,Tomato,5,1.06
2024-06-25,Apple,6,0.64
2025-05-19,Bread,6,1.31
2024-09-12,Tomato,2,1.11
2025-05-29,Bread,5,1.29
2024-04-10,Banana,8,0.52
2024-10-12,Yogurt,4,0.6
2024-11-14,Cheese,4,2.76
2024-09-02,Coffee,2,3.99
2024-02-29,Red Wine,4,5.48
2024-10-09,Tomato,8,1.03
2024-04-19,Milk,4,1.03
2024-04-17,Cookies,5,1.5
2024-10-18,Tea,9,2.21
2024-12-11,Tea,7,2.09
2025-06-25,Sugar,3,0.93
2024-08-20,Chocolate,6,1.93
2024-05-12,Beer,7,0.78
2024-07-21,Tomato,6,1.14
2024-10-20,Red Wine,6,5.71
2024-06-22,Salt,6,0.36
2024-07-09,Tea,5,2.0
2025-01-26,Banana,5,0.55
2024-12-31,Salt,5,0.39
2024-11-25,Cheese,8,2.57
2024-01-10,Milk,5,0.99
2024-06-09,Tomato,5,1.03
2024-01-11,Rice,9,1.39
2025-01-12,Rice,7,1.41
2024-12-03,Cheese,9,2.54
2024-01-18,Lettuce,2,0.87
2025-03-10,Yogurt,5,0.59
2024-03-19,Yogurt,5,0.53
2025-01-16,Beer,3,0.92
2024-02-16,Eggs,3,0.25
2024-10-26,Chocolate,4,1.91
2024-03-07,Mineral Water,6,0.37
2024-05-05,Beer,3,0.78
2024-03-03,Chicken,5,5.08
2024-11-04,Tomato,7,1.01
2024-09-22,Sugar,5,1.07
2024-11-03,Canned Tuna,4,1.45
2024-05-27,Milk,5,0.94
2024-05-08,Red Wine,9,6.43
2024-01-31,Tomato,4,1.19
2024-12-08,Olive Oil,5,6.52
2025-06-21,Chicken,3,5.49
2024-01-10,Coffee,8,4.01
2024-12-13,Pasta,7,1.03
2025-06-23,Chicken,4,4.94
2024-05-13,Olive Oil,3,6.04
2025-05-08,Beer,4,0.89
2025-05-16,Yogurt,3,0.51
2024-10-28,Mineral Water,3,0.36
2025-02-17,Banana,3,0.51
2024-04-16,Eggs,2,0.25
2024-07-02,Mineral Water,1,0.38
2024-09-29,Banana,6,0.45
2024-01-26,Banana,3,0.52
2024-02-10,Cheese,7,2.57
2025-04-14,Pasta,4,1.14
2024-09-04,Banana,8,0.48
2024-12-24,Salt,6,0.36
2025-04-18,Coffee,6,3.97
2025-01-31,Cookies,5,1.4
2024-05-08,Lettuce,4,0.87
2024-11-07,Mineral Water,5,0.37
2024-01-01,Chicken,5,5.7
2024-01-23,Sugar,6,1.07
2024-04-15,Banana,1,0.45
2024-02-03,Eggs,9,0.27
2024-06-09,Olive Oil,3,6.19
2024-03-09,Chicken,4,5.68
2024-08-19,Milk,5,0.88
2025-02-18,Pasta,3,1.05
2024-09-08,Eggs,5,0.25
2024-01-28,Tomato,5,1.18
2024-10-03,Chicken,6,5.27
2024-05-17,Cheese,5,2.42
2024-11-12,Milk,4,0.88
2025-04-03,Eggs,7,0.24
2025-01-16,Pasta,6,1.13
2025-06-04,Lettuce,5,0.94
2025-03-11,Tea,4,2.28
2024-06-11,Yogurt,3,0.54
2024-04-18,Chocolate,5,1.89
2024-04-06,Cheese,3,2.52
2024-02-20,Olive Oil,4,6.12
2024-09-14,Sugar,6,1.07
2024-11-25,Apple,4,0.65
2025-01-26,Cookies,8,1.63
2025-03-16,Eggs,3,0.23
2025-03-19,Chicken,6,4.78
2024-06-24,Olive Oil,6,5.92
2024-09-29,Pasta,5,1.14
2025-02-05,Canned Tuna,8,1.4
2024-04-18,Banana,3,0.51
2024-06-25,Salt,6,0.37
2024-06-22,Salt,4,0.39
2025-03-03,Banana,6,0.47
2024-01-01,Canned Tuna,3,1.31
2024-07-08,Olive Oil,5,7.04
2024-08-25,Cheese,2,2.59
2025-01-14,Coffee,3,3.48
2024-08-15,Tomato,4,1.11
2025-06-25,Canned Tuna,3,1.5
2025-03-04,Apple,4,0.69
2025-06-22,Milk,3,0.95
2024-11-29,Cookies,1,1.63
2024-05-30,Lettuce,4,0.89
2024-01-13,Lettuce,4,0.93
2025-03-21,Tea,3,2.28
2024-10-21,Rice,3,1.21
2025-02-01,Yogurt,3,0.6
2024-02-16,Sugar,8,0.97
2024-01-21,Olive Oil,5,6.99
2024-07-06,Cheese,4,2.77
2024-03-20,Milk,4,1.02
2025-02-02,Red Wine,4,5.51
2024-05-20,Eggs,7,0.24
2025-06-12,Mineral Water,3,0.35
2024-12-13,Mineral Water,4,0.37
2024-10-12,Lettuce,6,0.9
2024-02-03,Lettuce,2,0.87
2025-05-15,Eggs,4,0.26
2025-04-13,Tea,6,2.16
2025-02-28,Milk,7,0.93
2025-06-15,Beer,9,0.79
2024-04-22,Chicken,7,5.53
2025-04-10,Bread,2,1.27
2024-08-29,Tea,2,2.24
2024-09-10,Chicken,4,5.11
2025-03-26,Beer,4,0.81
2025-03-06,Chocolate,7,1.7
2024-01-17,Mineral Water,4,0.38
2025-04-27,Sugar,7,0.99
2025-05-30,Tomato,4,1.12
2024-11-26,Red Wine,3,6.48
2025-04-11,Bread,4,1.28
2025-03-29,Milk,5,0.9
2024-01-16,Bread,5,1.18
2024-05-02,Red Wine,9,5.54
2024-01-07,Salt,6,0.37
2024-07-30,Salt,5,0.39
2024-11-30,Cookies,6,1.56
2025-03-04,Rice,4,1.35
2024-01-03,Beer,5,0.77
2024-10-11,Chicken,6,4.95
2024-04-24,Chocolate,7,1.9
2025-01-20,Mineral Water,2,0.35
2024-02-23,Tea,4,2.0
2024-07-23,Yogurt,8,0.54
2024-06-08,Beer,2,0.9
2025-06-09,Mineral Water,3,0.36
2024-06-02,Tea,5,2.12
2024-05-30,Sugar,10,0.93
2024-03-18,Sugar,6,1.0
2025-01-29,Mineral Water,4,0.35
2024-02-03,Yogurt,3,0.51
2024-05-02,Sugar,1,0.93
2024-10-02,Beer,6,0.77
2025-06-18,Tomato,4,1.06
2024-07-01,Chocolate,2,1.92
2025-02-21,Bread,6,1.26
2024-07-06,Coffee,5,3.43
2025-04-04,Salt,6,0.43
2024-12-26,Bread,6,1.11
2024-01-17,Chicken,8,4.91
2024-12-26,Lettuce,5,0.97
2024-07-21,Cookies,6,1.52
2025-04-19,Apple,2,0.66
2025-05-11,Coffee,5,4.01
2024-09-19,Chocolate,2,1.95
2024-01-12,Banana,4,0.51
2024-06-30,Canned Tuna,4,1.38
2024-09-10,Tomato,8,1.19
2025-03-20,Tomato,8,1.06
2024-09-14,Bread,3,1.15
2024-07-13,Coffee,3,4.04
2024-03-09,Coffee,3,3.48
2024-08-20,Rice,9,1.25
2024-07-28,Milk,4,1.02
2025-03-21,Sugar,5,1.06
2024-06-03,Tea,7,2.03
2025-05-11,Milk,3,0.95
2024-02-04,Mineral Water,6,0.34
2025-01-08,Tea,4,2.3
2025-02-22,Lettuce,1,0.92
2024-01-07,Mineral Water,8,0.32
2024-08-18,Rice,4,1.23
2025-05-16,Cheese,5,2.68
2025-03-05,Red Wine,4,5.54
2024-12-07,Cheese,3,2.73
2024-07-13,Coffee,6,3.99
2024-01-27,Rice,8,1.36
2024-01-06,Beer,5,0.89
2025-04-27,Cookies,4,1.6
2024-06-19,Tea,6,1.9
2024-09-18,Salt,3,0.41
2024-03-21,Milk,4,0.97
2025-02-05,Toilet Paper,4,0.47
2025-04-29,Chocolate,4,1.75
2024-09-08,Bread,1,1.09
2024-06-02,Bread,6,1.25
2024-02-10,Banana,5,0.46
2025-03-31,Lettuce,7,0.9
2025-01-26,Salt,4,0.4
2025-03-03,Rice,4,1.35
2025-06-03,Apple,5,0.66
2024-06-21,Milk,7,1.0
2024-08-15,Milk,8,1.04
2024-10-09,Cheese,5,2.39
2025-02-12,Salt,2,0.39
2025-04-10,Lettuce,4,0.84
2024-08-19,Chocolate,2,1.86
2024-02-28,Coffee,6,4.11
2025-03-30,Salt,4,0.41
2025-02-21,Cheese,10,2.49
2025-01-28,Banana,6,0.47
2025-04-04,Cheese,4,2.72
2024-02-12,Bread,5,1.13
2024-02-15,Canned Tuna,2,1.37
2024-01-09,Apple,4,0.73
2024-08-30,Coffee,6,3.83
2024-09-25,Tea,2,1.9
2024-07-10,Pasta,7,1.02
2025-04-19,Canned Tuna,3,1.27
2024-10-19,Chicken,8,5.63
2024-01-17,Toilet Paper,5,0.46
2024-10-16,Tea,5,2.13
2025-05-21,Pasta,6,1.08
2025-02-22,Milk,2,0.91
2024-06-06,Yogurt,5,0.58
2025-01-08,Mineral Water,5,0.38
2024-04-02,Bread,4,1.1
2025-03-26,Mineral Water,3,0.35
2024-09-08,Eggs,3,0.23
2024-11-23,Eggs,7,0.24
2025-06-28,Cookies,9,1.63
2024-05-06,Canned Tuna,6,1.38
2025-04-24,Salt,8,0.38
2024-01-07,Milk,7,1.0
2025-01-03,Tea,2,1.93
2024-08-05,Mineral Water,5,0.35
2024-05-16,Chocolate,4,1.67
2024-07-10,Pasta,6,1.04
2024-12-12,Olive Oil,4,6.06
2024-04-06,Tea,3,1.95
2025-03-09,Olive Oil,1,6.75
2024-10-31,Coffee,4,3.56
2025-05-09,Red Wine,4,6.09
2025-03-29,Pasta,6,1.17
2024-01-04,Pasta,5,1.09
2024-06-03,Cookies,6,1.6
2025-02-11,Apple,7,0.7
2024-01-04,Canned Tuna,3,1.52
2024-11-16,Tomato,3,1.11
2025-04-29,Banana,5,0.51
2025-03-20,Cookies,3,1.44
2024-01-03,Red Wine,4,6.23
2024-02-10,Mineral Water,1,0.37
2025-04-03,Lettuce,11,0.94
2025-05-11,Olive Oil,7,6.26
2024-02-05,Toilet Paper,7,0.46
2024-10-15,Eggs,3,0.26
2024-05-10,Coffee,5,3.95
2024-06-09,Apple,4,0.73
2024-10-22,Cookies,6,1.51
2024-03-15,Salt,2,0.43
2025-05-24,Banana,9,0.52
2025-06-09,Rice,7,1.21
2024-10-24,Sugar,6,1.01
2024-09-18,Cheese,4,2.54
2025-03-14,Eggs,9,0.26
2024-07-25,Chocolate,9,1.78
2024-05-24,Canned Tuna,3,1.49
2025-03-04,Mineral Water,2,0.32
2025-06-19,Pasta,6,1.07
2024-06-25,Canned Tuna,4,1.35
2025-01-30,Olive Oil,2,6.46
2024-03-14,Sugar,6,0.99
2024-09-19,Mineral Water,3,0.34
2024-07-25,Rice,5,1.24
2024-08-26,Tomato,3,1.11
2024-11-01,Pasta,6,1.17
2024-02-16,Olive Oil,3,6.05
2024-02-01,Cookies,3,1.45
2024-01-13,Coffee,3,4.01
2024-06-05,Eggs,10,0.26
2024-11-21,Salt,4,0.38
2024-11-25,Milk,7,0.94
2025-03-18,Red Wine,8,6.07
2024-08-26,Bread,5,1.12
2024-11-15,Cheese,7,2.52
2025-04-16,Apple,5,0.64
2025-03-11,Chicken,4,5.31
2025-06-18,Toilet Paper,4,0.43
2025-03-06,Toilet Paper,7,0.42
2025-01-04,Banana,4,0.47
2025-06-12,Toilet Paper,5,0.45
2025-02-16,Tomato,3,1.01
2024-04-04,Banana,4,0.53
2024-05-30,Sugar,4,1.08
2025-04-16,Canned Tuna,8,1.49
2024-06-04,Toilet Paper,5,0.42
2025-03-14,Banana,3,0.47
2025-03-31,Pasta,11,1.17
2024-02-10,Mineral Water,3,0.35
2024-11-24,Beer,3,0.89
2025-02-18,Red Wine,6,6.02
2025-02-12,Salt,7,0.38
2024-03-31,Cheese,8,2.42
2024-04-10,Salt,6,0.43
2024-01-08,Sugar,3,1.05
2025-04-10,Canned Tuna,4,1.37
2024-08-24,Eggs,4,0.23
2024-11-19,Lettuce,7,0.86
2024-07-14,Milk,6,0.93
2024-12-03,Pasta,9,1.07
2024-08-15,Pasta,8,1.13
2024-03-19,Sugar,6,0.95
2024-11-28,Rice,12,1.19
2024-11-05,Tea,11,2.21
2024-08-25,Tea,6,2.0
2025-03-18,Mineral Water,3,0.37
2025-05-25,Tomato,6,1.2
2025-02-06,Chicken,6,5.15
2024-03-31,Salt,2,0.42
2024-04-02,Pasta,6,1.11
2024-09-17,Canned Tuna,3,1.5
2024-05-05,Salt,9,0.38
2025-03-28,Chicken,9,5.45
2024-03-14,Bread,5,1.16
2024-02-29,Tea,7,2.24
2024-05-11,Cookies,5,1.53
2024-01-30,Eggs,6,0.27
2025-01-28,Apple,4,0.69
2025-01-21,Cookies,5,1.6
2024-11-16,Mineral Water,2,0.34
2024-05-11,Toilet Paper,4,0.44
2024-08-01,Apple,4,0.73
2024-01-17,Toilet Paper,4,0.44
2024-11-07,Yogurt,3,0.55
2024-12-24,Olive Oil,4,6.91
2025-01-27,Cheese,7,2.58
2024-12-31,Lettuce,3,0.9
2024-07-06,Toilet Paper,5,0.49
2024-08-09,Red Wine,5,6.12
2024-08-01,Salt,4,0.39
2024-08-22,Olive Oil,5,6.86
2025-01-04,Eggs,4,0.23
2024-07-21,Olive Oil,4,6.34
2024-11-20,Apple,5,0.68
2024-01-15,Tomato,2,1.0
2024-07-17,Eggs,4,0.24
2025-05-06,Milk,4,0.99
2024-04-04,Lettuce,2,0.83
2024-01-16,Cheese,4,2.47
2025-02-19,Red Wine,3,6.25
2024-01-03,Tea,5,2.11
2024-09-26,Apple,5,0.75
2024-07-18,Banana,3,0.52
2024-10-22,Milk,9,0.89
2025-05-06,Toilet Paper,3,0.41
2024-05-25,Milk,3,0.87
2024-05-19,Bread,6,1.1
2025-01-21,Olive Oil,6,5.9
2024-03-18,Apple,4,0.72
2024-04-13,Yogurt,3,0.58
2024-04-29,Tomato,3,1.04
2024-05-09,Tomato,5,1.02
2024-09-27,Tomato,6,1.06
2025-03-23,Eggs,6,0.25
2025-04-28,Beer,7,0.87
2024-03-08,Lettuce,7,0.87
2025-03-02,Olive Oil,6,6.48
2025-01-14,Mineral Water,5,0.34
2024-08-26,Banana,6,0.48
2024-12-13,Pasta,7,1.04
2024-12-12,Toilet Paper,7,0.43
2024-08-05,Red Wine,8,5.41
2024-04-13,Chocolate,5,1.72
2024-03-20,Canned Tuna,4,1.46
2024-07-20,Mineral Water,6,0.32
2024-08-01,Cookies,2,1.49
2025-03-09,Red Wine,6,5.46
2024-05-23,Red Wine,2,6.44
2024-10-31,Canned Tuna,6,1.46
2024-06-17,Beer,3,0.83
2024-11-03,Canned Tuna,6,1.5
2024-04-22,Bread,4,1.13
2024-01-27,Banana,6,0.51
2024-04-17,Mineral Water,4,0.36
2025-02-14,Canned Tuna,3,1.29
2024-03-24,Cookies,3,1.42
2024-07-29,Tomato,6,1.04
2024-03-04,Chocolate,6,1.72
2024-09-14,Cheese,3,2.79
2024-01-26,Salt,6,0.37
2025-03-03,Milk,5,1.02
2024-03-15,Mineral Water,3,0.38
2024-12-03,Coffee,5,3.88
2025-05-04,Rice,5,1.31
2025-01-26,Eggs,4,0.27
2025-05-22,Milk,4,0.87
2024-01-17,Yogurt,4,0.52
2024-05-02,Apple,7,0.67
2024-08-06,Apple,6,0.75
2024-03-22,Mineral Water,6,0.35
2024-10-20,Milk,5,1.03
2024-08-31,Banana,4,0.47
2025-03-19,Cheese,2,2.82
2024-11-26,Chocolate,4,1.69
2024-05-22,Banana,3,0.53
2025-06-22,Tea,7,2.04
2024-04-18,Chicken,6,5.12
2025-05-31,Eggs,7,0.27
2024-06-08,Rice,4,1.4
2024-02-13,Canned Tuna,6,1.37
2025-03-07,Cheese,6,2.49
2025-02-25,Banana,5,0.48
2024-04-12,Mineral Water,2,0.35
2025-05-28,Red Wine,3,5.47
2024-05-31,Toilet Paper,4,0.42
2024-10-11,Banana,2,0.47
2024-10-31,Red Wine,4,5.7
2024-04-28,Milk,4,0.86
2024-11-17,Lettuce,5,0.88
2024-01-08,Tomato,6,1.06
2024-05-10,Mineral Water,8,0.34
2024-10-21,Salt,3,0.36
2024-05-09,Cookies,3,1.63
2025-02-23,Sugar,3,1.05
2024-03-28,Beer,3,0.81
2024-08-15,Tea,3,2.1
2025-03-31,Chicken,9,5.2
2024-11-26,Olive Oil,6,7.06
2024-01-01,Chicken,6,5.63
2025-03-15,Mineral Water,5,0.36
2024-10-06,Bread,5,1.17
2024-05-27,Chicken,2,5.14
2025-01-01,Beer,6,0.84
2025-02-11,Lettuce,5,0.92
2024-09-03,Rice,8,1.24
2025-04-10,Toilet Paper,5,0.42
2025-02-11,Cookies,3,1.39
2025-05-25,Coffee,6,3.5
2024-10-11,Eggs,1,0.27
2024-05-27,Banana,3,0.49
2024-03-25,Coffee,4,4.02
2024-01-21,Pasta,4,1.13
2024-10-29,Apple,6,0.71
2025-04-20,Banana,3,0.51
2024-06-29,Salt,3,0.43
2024-08-24,Canned Tuna,9,1.37
2024-07-08,Eggs,4,0.23
2024-09-02,Apple,3,0.64
2024-03-04,Tea,4,1.99
2024-12-15,Bread,2,1.09
2025-05-19,Mineral Water,5,0.32
2024-10-19,Cheese,8,2.61
2024-03-18,Chicken,6,5.44
2024-10-29,Rice,6,1.26
2024-06-30,Chicken,9,4.88
2024-03-29,Chocolate,5,1.79
2024-03-02,Cookies,3,1.54
2025-05-04,Apple,2,0.65
2025-05-04,Tea,3,2.12
2025-05-12,Tea,3,2.07
2025-06-13,Yogurt,3,0.55
2024-10-19,Toilet Paper,4,0.43
2024-09-07,Apple,2,0.71
2024-05-26,Beer,8,0.91
2024-09-21,Olive Oil,8,6.42
2024-12-15,Yogurt,5,0.55
2024-10-08,Tomato,2,1.19
2025-03-17,Chocolate,5,1.93
2024-09-11,Beer,8,0.91
2025-06-25,Red Wine,6,6.43
2025-01-11,Beer,5,0.85
2025-02-27,Yogurt,3,0.5
2024-02-25,Eggs,5,0.23
2024-08-08,Mineral Water,9,0.37
2024-04-22,Olive Oil,3,6.74
2024-05-30,Rice,3,1.28
2024-12-19,Tomato,7,1.05
2024-07-27,Red Wine,7,6.16
2024-05-27,Lettuce,4,0.93
2025-02-08,Lettuce,7,0.84
2024-07-20,Red Wine,2,5.78
2024-03-09,Mineral Water,6,0.36
2025-06-14,Apple,4,0.75
2024-07-28,Rice,5,1.3
2025-06-05,Tomato,3,1.08
2024-07-30,Banana,5,0.54
2024-05-16,Canned Tuna,5,1.26
2024-07-11,Bread,5,1.21
2024-12-05,Apple,9,0.67
2024-02-19,Rice,6,1.27
2024-03-03,Tomato,7,1.2
2024-08-06,Olive Oil,4,6.16
2024-11-13,Pasta,4,1.03
2025-02-16,Beer,4,0.82
2024-02-08,Sugar,6,1.09
2024-04-15,Apple,7,0.75
2025-04-26,Mineral Water,6,0.32
2025-02-27,Canned Tuna,4,1.38
2024-01-29,Cheese,2,2.59
2024-12-22,Pasta,5,1.2
2024-06-12,Mineral Water,9,0.34
2024-03-09,Canned Tuna,5,1.37
2024-07-26,Chocolate,6,1.74
2024-08-15,Bread,6,1.12
2025-06-14,Olive Oil,5,6.26
2025-04-23,Chicken,3,5.66
2025-04-28,Tomato,1,1.2
2025-05-28,Apple,12,0.75
2024-03-03,Rice,5,1.21
2024-05-24,Bread,2,1.19
2024-08-09,Cookies,3,1.61
2025-03-13,Chocolate,8,1.97
2025-04-11,Yogurt,7,0.57
2025-01-10,Mineral Water,7,0.34
2025-01-08,Apple,5,0.65
2024-01-14,Tomato,7,1.16
2024-04-26,Beer,4,0.77
2024-04-08,Pasta,5,1.1
2024-02-03,Milk,4,0.87
2025-06-03,Apple,10,0.69
2025-04-28,Sugar,5,1.04
2025-01-31,Eggs,5,0.23
2025-05-21,Rice,4,1.35
2024-12-07,Cookies,5,1.39
2024-02-10,Olive Oil,5,6.97
2025-02-04,Milk,3,0.99
2024-08-01,Chocolate,7,1.64
2024-07-21,Apple,4,0.7
2024-02-29,Lettuce,8,0.87
2024-01-04,Milk,6,0.99
2024-08-24,Rice,3,1.39
2024-02-21,Pasta,5,1.14
2024-08-13,Coffee,2,3.98
2024-01-26,Tea,4,2.08
2024-11-06,Sugar,5,1.06
2024-12-23,Beer,9,0.92
2024-07-26,Chocolate,5,1.82
2024-11-11,Coffee,5,3.76
2025-05-12,Apple,7,0.72
2024-08-09,Mineral Water,6,0.35
2025-02-10,Mineral Water,5,0.38
2025-03-21,Tea,4,1.96
2024-07-18,Beer,2,0.85
2024-01-01,Beer,4,0.87
2025-05-03,Beer,5,0.81
2024-07-11,Red Wine,5,5.86
2024-01-31,Salt,2,0.39
2025-05-09,Cheese,6,2.82
2025-06-29,Salt,8,0.41
2025-01-04,Beer,4,0.78
2025-05-18,Milk,6,0.86
2024-04-14,Chicken,6,5.35
2025-06-03,Toilet Paper,2,0.48
2024-01-24,Canned Tuna,2,1.49
2024-08-20,Canned Tuna,3,1.45
2025-01-28,Tomato,3,1.08
2025-05-25,Banana,1,0.54
2024-09-01,Tea,9,1.97
2024-11-30,Red Wine,3,6.43
2025-05-22,Red Wine,8,6.35
2024-12-04,Olive Oil,7,5.91
2025-06-10,Toilet Paper,6,0.41
2025-02-05,Tomato,13,1.14
2025-04-16,Rice,2,1.3
2025-02-22,Red Wine,5,5.74
2024-01-25,Coffee,9,3.85
2024-06-28,Toilet Paper,4,0.48
2025-04-13,Salt,3,0.38
2024-11-18,Tomato,9,1.05
2024-01-30,Olive Oil,4,6.68
2024-05-15,Cheese,4,2.56
2024-12-17,Cookies,1,1.56
2024-03-07,Bread,4,1.24
2024-04-12,Apple,10,0.76
2025-04-16,Yogurt,6,0.51
2025-06-25,Olive Oil,8,6.04
2025-03-17,Tomato,4,1.11
2024-11-07,Milk,5,1.01
2024-04-20,Chicken,8,5.54
2024-05-23,Mineral Water,3,0.35
2025-03-11,Cheese,6,2.69
2025-03-28,Olive Oil,5,7.0
2024-01-21,Canned Tuna,6,1.3
2024-12-09,Lettuce,5,0.98
2025-03-27,Milk,7,0.99
2024-08-08,Lettuce,2,0.93
2024-06-04,Olive Oil,8,6.87
2024-05-28,Milk,4,0.88
2025-01-14,Salt,4,0.37
2024-12-05,Beer,3,0.83
2024-07-26,Rice,4,1.32
2025-05-10,Tea,8,2.02
2025-04-23,Red Wine,5,5.45
2025-03-13,Coffee,7,3.52
2025-05-30,Apple,2,0.73
2024-03-18,Red Wine,4,5.58
2025-05-14,Pasta,7,1.09
2024-07-20,Bread,5,1.19
2024-06-30,Milk,2,0.9
2024-08-06,Bread,6,1.11
2025-02-10,Toilet Paper,5,0.49
2025-04-15,Milk,6,0.9
2024-02-15,Chocolate,6,1.75
2024-11-17,Cheese,4,2.8
2024-11-13,Yogurt,2,0.52
2024-08-29,Banana,4,0.46
2025-02-24,Banana,7,0.45
2024-03-29,Lettuce,1,0.88
2025-06-06,Tea,4,2.28
2024-12-28,Eggs,4,0.26
2025-04-30,Apple,3,0.64
2024-11-24,Bread,6,1.19
2024-03-23,Yogurt,4,0.51
2025-02-02,Coffee,7,3.62
2024-04-29,Yogurt,5,0.56
2024-12-28,Cookies,4,1.58
2025-04-14,Canned Tuna,8,1.29
2024-05-23,Yogurt,5,0.52
2024-10-31,Tomato,5,1.14
2024-04-23,Canned Tuna,4,1.51
2024-04-14,Cheese,3,2.76
2025-03-07,Chicken,4,4.87
2025-06-06,Tomato,7,1.19
2024-08-13,Red Wine,5,6.4
2024-12-18,Red Wine,5,6.12
2024-02-29,Eggs,7,0.27
2024-09-27,Canned Tuna,2,1.35
2025-04-07,Milk,3,0.93
2024-04-26,Banana,4,0.46
2025-05-03,Beer,11,0.88
2025-05-17,Rice,5,1.32
2024-04-07,Yogurt,5,0.51
2024-03-19,Salt,4,0.41
2025-02-21,Red Wine,6,5.56
2025-02-28,Tomato,6,1.17
2024-08-04,Yogurt,5,0.54
2024-06-19,Sugar,5,1.07
2024-03-19,Cookies,3,1.36
2024-07-18,Mineral Water,5,0.38
2024-02-16,Mineral Water,6,0.38
2025-05-30,Rice,7,1.35
2024-10-12,Lettuce,8,0.87
2025-03-24,Toilet Paper,5,0.42
2024-09-17,Olive Oil,5,5.94
2024-07-11,Red Wine,5,6.33
2024-09-24,Canned Tuna,3,1.49
2025-02-02,Chicken,5,4.95
2025-04-26,Tomato,2,1.16
2025-03-14,Coffee,4,3.72
2024-02-02,Cookies,5,1.55
2025-06-04,Salt,10,0.44
2025-05-05,Cheese,7,2.37
2024-07-03,Chocolate,2,1.7
2025-06-21,Rice,4,1.2
2024-11-16,Toilet Paper,5,0.43
2024-10-01,Rice,4,1.4
2024-10-13,Banana,6,0.48
2024-11-11,Lettuce,2,0.96
2024-12-10,Beer,6,0.83
2024-10-18,Mineral Water,1,0.38
2024-07-16,Yogurt,4,0.53
2024-02-27,Beer,5,0.77
2024-07-23,Sugar,5,1.08
2024-06-27,Pasta,5,1.07
2025-01-27,Lettuce,8,0.9
2024-07-15,Cheese,2,2.64
2024-01-03,Coffee,7,3.93
2024-11-03,Canned Tuna,4,1.38
2025-06-23,Chocolate,5,1.81
2024-06-29,Canned Tuna,7,1.38
2024-01-23,Canned Tuna,5,1.52
2024-10-05,Eggs,7,0.27
2024-11-26,Red Wine,7,6.31
2025-04-13,Coffee,3,3.49
2024-12-14,Yogurt,2,0.58
2025-03-20,Olive Oil,8,6.03
2024-01-23,Mineral Water,5,0.35
2024-03-25,Mineral Water,3,0.36
2025-02-05,Cheese,7,2.35
2024-12-12,Red Wine,3,6.29
2024-07-28,Cheese,8,2.62
2024-01-18,Rice,9,1.35
2024-09-27,Tea,7,2.03
2024-02-04,Banana,7,0.53
2024-06-25,Apple,6,0.68
2024-09-12,Canned Tuna,4,1.5
2025-01-29,Sugar,5,1.03
2024-03-27,Tomato,2,1.06
2024-08-01,Bread,5,1.26
2025-01-20,Bread,7,1.26
2024-07-17,Red Wine,3,5.37
2025-01-21,Toilet Paper,5,0.44
2024-06-03,Toilet Paper,3,0.47
2024-05-07,Tomato,7,1.04
2024-09-07,Beer,6,0.82
2025-05-15,Canned Tuna,2,1.38
2024-09-02,Red Wine,5,5.62
2025-04-15,Rice,4,1.39
2024-06-02,Olive Oil,8,6.99
2025-03-31,Bread,3,1.31
2024-07-31,Chicken,3,4.89
2024-02-17,Tea,4,2.22
2024-10-24,Eggs,6,0.27
2024-07-03,Toilet Paper,6,0.43
2024-02-07,Tomato,7,1.18
2024-09-08,Olive Oil,4,6.46
2025-05-28,Rice,4,1.32
2024-04-14,Eggs,3,0.25
2024-11-09,Chocolate,6,1.94
2025-04-17,Red Wine,6,5.84
2025-01-16,Toilet Paper,7,0.46
2024-03-10,Cookies,4,1.39
2024-07-03,Olive Oil,3,6.78
2024-06-08,Eggs,8,0.26
2025-02-01,Cheese,3,2.47
2025-05-27,Canned Tuna,6,1.27
2024-12-01,Pasta,4,1.03
2025-05-31,Coffee,6,3.62
2024-04-02,Red Wine,11,6.07
2024-12-29,Tomato,3,1.19
2025-06-23,Sugar,6,0.97
2024-12-01,Salt,3,0.39
2024-03-18,Pasta,4,1.18
2024-12-19,Banana,7,0.55
2025-06-29,Coffee,4,3.56
2025-01-29,Eggs,7,0.23
2025-01-13,Tomato,5,1.05
2024-11-17,Eggs,7,0.25
2024-03-30,Apple,2,0.7
2024-12-30,Rice,3,1.36
2024-08-16,Chicken,2,4.88
2024-02-18,Milk,6,0.89
2025-03-18,Coffee,6,4.18
2024-04-10,Lettuce,6,0.94
2024-03-25,Apple,5,0.69
2025-01-26,Coffee,3,4.12
2025-06-23,Tea,2,2.05
2025-05-30,Tea,5,1.95
2024-06-23,Apple,4,0.65
2024-10-04,Tea,5,2.22
2024-12-19,Red Wine,3,5.99
2024-05-15,Eggs,6,0.24
2024-05-29,Salt,2,0.41
2024-07-14,Bread,7,1.09
2024-12-08,Salt,3,0.4
2024-05-30,Banana,6,0.54
2024-01-30,Tea,3,2.29
2025-05-03,Banana,5,0.53
2024-03-26,Olive Oil,6,6.44
2025-02-02,Tea,6,2.1
2025-03-29,Pasta,6,1.13
2025-02-02,Toilet Paper,6,0.48
2024-03-31,Chocolate,5,1.97
2024-10-13,Yogurt,3,0.58
2024-01-16,Red Wine,4,6.29
2024-09-19,Tomato,3,1.1
2024-10-23,Sugar,4,1.02
2025-01-05,Rice,5,1.19
2024-04-05,Lettuce,3,0.87
2024-12-05,Toilet Paper,2,0.44
2024-09-18,Toilet Paper,3,0.42
2024-06-19,Sugar,7,1.05
2024-01-02,Chicken,6,5.49
2025-06-06,Yogurt,3,0.55
2025-02-12,Sugar,8,0.97
2025-05-01,Olive Oil,5,6.27
2025-05-04,Pasta,3,1.02
2024-10-08,Pasta,6,1.19
2025-06-23,Salt,5,0.42
2025-03-10,Canned Tuna,8,1.45
2025-01-01,Olive Oil,4,6.29
2024-07-30,Tea,8,2.07
2024-07-15,Chicken,3,5.45
2025-06-20,Milk,6,0.87
2024-02-19,Olive Oil,6,6.84
2024-11-03,Eggs,10,0.26
2025-06-23,Salt,5,0.36
2025-03-02,Canned Tuna,4,1.37
2024-09-30,Bread,5,1.16
2024-12-06,Toilet Paper,4,0.48
2024-06-05,Toilet Paper,5,0.42
2024-06-23,Cookies,7,1.51
2024-04-01,Cheese,12,2.8
2024-09-30,Banana,5,0.49
2024-01-23,Rice,1,1.36
2025-05-31,Red Wine,5,6.29
2024-10-10,Cheese,3,2.58
2024-07-01,Rice,6,1.19
2025-01-23,Sugar,7,1.05
2024-11-29,Pasta,2,1.12
2025-03-18,Rice,5,1.36
2024-02-25,Salt,8,0.4
2024-05-07,Red Wine,6,5.79
2024-09-26,Milk,7,0.98
2025-05-27,Lettuce,7,0.93
2025-05-14,Pasta,4,1.08
2024-05-28,Rice,6,1.19
2024-11-04,Salt,8,0.39
2024-09-25,Red Wine,6,5.74
2024-01-02,Tea,7,2.16
2024-04-08,Rice,5,1.17
2024-12-23,Olive Oil,7,6.8
2024-08-09,Cookies,2,1.45
2025-04-17,Red Wine,3,6.42
2024-12-22,Bread,3,1.13
2024-02-06,Coffee,3,3.94
2025-03-18,Canned Tuna,3,1.39
2025-01-08,Cookies,6,1.53
2024-12-27,Eggs,6,0.27
2024-02-29,Tomato,7,1.16
2024-04-19,Beer,6,0.79
2025-04-24,Tomato,2,1.12
2025-05-06,Rice,6,1.21
2024-10-01,Cookies,4,1.58
2025-01-07,Sugar,8,1.09
2024-06-27,Tea,4,2.07
2025-06-02,Pasta,8,1.03
2024-09-27,Sugar,7,0.98
2025-05-15,Tea,4,2.17
2024-11-22,Tea,5,2.12
2024-11-20,Beer,6,0.93
2024-12-16,Olive Oil,5,6.22
2024-07-30,Cheese,5,2.45
2025-03-15,Salt,4,0.43
2024-03-23,Sugar,4,0.96
2024-03-17,Olive Oil,2,6.35
2024-03-02,Olive Oil,3,6.71
2024-01-02,Yogurt,4,0.51
2025-03-07,Sugar,6,1.0
2025-01-17,Chocolate,5,1.86
2024-04-06,Bread,4,1.2
2025-02-03,Red Wine,6,5.48
2025-02-14,Eggs,5,0.24
2024-11-26,Olive Oil,4,6.65
2024-09-13,Cookies,3,1.62
2024-11-01,Eggs,4,0.23
2024-03-11,Apple,5,0.68
2025-02-04,Toilet Paper,4,0.48
2024-09-11,Beer,5,0.93
2024-04-25,Tea,6,2.27
2025-04-11,Mineral Water,3,0.35
2025-01-11,Chicken,5,5.5
2025-02-22,Salt,5,0.38
2024-09-16,Chicken,4,5.15
2024-03-31,Canned Tuna,6,1.42
2025-06-09,Apple,3,0.76
2025-05-19,Tea,7,2.13
2024-05-12,Cheese,7,2.79
2024-04-05,Olive Oil,2,7.03
2024-04-28,Canned Tuna,7,1.33
2025-02-01,Salt,5,0.4
2024-08-30,Olive Oil,11,6.14
2025-05-26,Milk,6,0.9
2024-02-14,Olive Oil,5,7.14
2024-02-22,Eggs,10,0.24
2024-04-20,Beer,8,0.87
2025-03-04,Milk,6,0.95
2024-10-30,Pasta,5,1.09
2024-12-23,Sugar,8,0.97
2024-05-15,Toilet Paper,9,0.44
2024-07-29,Mineral Water,8,0.37
2024-07-07,Eggs,4,0.25
2025-03-24,Toilet Paper,4,0.48
2024-02-03,Lettuce,4,0.99
2024-09-04,Mineral Water,5,0.35
2024-01-24,Milk,4,1.0
2024-01-03,Canned Tuna,7,1.49
2024-05-23,Canned Tuna,5,1.43
2025-01-26,Coffee,5,3.65
2024-04-29,Olive Oil,6,6.18
2024-06-19,Eggs,3,0.26
2025-03-30,Chicken,4,5.04
2024-01-31,Mineral Water,3,0.37
2024-07-03,Red Wine,6,5.97
2024-03-17,Milk,3,0.9
2024-05-14,Red Wine,7,5.35
2024-09-14,Salt,7,0.42
2024-11-03,Banana,7,0.53
2024-03-21,Yogurt,6,0.54
2024-01-22,Cookies,4,1.36
2025-05-15,Apple,3,0.73
2025-05-25,Chicken,3,4.99
2025-03-01,Coffee,4,3.52
2025-04-03,Apple,6,0.75
2024-12-15,Olive Oil,4,6.21
2024-08-31,Rice,7,1.36
2024-02-20,Cookies,3,1.52
2025-05-12,Cheese,4,2.79
2024-02-15,Cheese,6,2.48
2024-05-12,Toilet Paper,5,0.41
2024-06-07,Chicken,2,4.76
2024-10-02,Salt,6,0.42
2024-04-15,Eggs,4,0.26
2024-06-17,Pasta,9,1.11
2024-11-13,Bread,5,1.3
2024-03-22,Banana,5,0.48
2024-11-03,Sugar,2,1.09
2024-09-21,Tea,9,2.13
2025-06-15,Rice,5,1.22
2024-11-10,Red Wine,6,5.5
2024-10-30,Lettuce,9,0.97
2024-02-01,Apple,3,0.67
2025-03-01,Toilet Paper,5,0.41
2025-01-09,Apple,5,0.67
2024-10-01,Olive Oil,6,6.62
2025-04-16,Tea,6,2.3
2024-01-14,Banana,6,0.53
2024-12-03,Bread,4,1.23
2024-09-05,Coffee,4,3.82
2024-06-21,Tea,9,2.21
2024-07-26,Banana,6,0.49
2024-02-08,Apple,1,0.71
2025-04-09,Cookies,2,1.64
2024-11-28,Mineral Water,5,0.32
2025-05-19,Pasta,5,1.05
2024-10-01,Coffee,4,3.53
2024-11-23,Eggs,5,0.24
2024-12-08,Tomato,7,1.15
2024-01-21,Beer,4,0.8
2024-08-23,Red Wine,5,5.58
2025-01-18,Mineral Water,5,0.34
2024-02-15,Tomato,3,1.15
2024-01-30,Pasta,4,1.19
2024-02-23,Red Wine,7,6.15
2024-06-09,Olive Oil,6,6.05
2025-05-12,Chicken,5,5.53
2024-01-22,Sugar,5,0.92
2024-03-11,Chicken,5,5.42
2025-02-05,Coffee,7,3.96
2025-03-16,Mineral Water,6,0.37
2024-05-14,Yogurt,8,0.58
2025-03-22,Bread,1,1.29
2025-01-29,Cheese,2,2.5
2025-03-08,Sugar,7,1.06
2024-10-18,Bread,5,1.3
2024-07-31,Mineral Water,7,0.37
2025-06-04,Milk,6,0.91
2024-02-16,Red Wine,5,6.15
2025-05-05,Chicken,6,5.33
2024-06-08,Banana,1,0.5
2024-07-16,Cookies,7,1.5
2025-06-12,Beer,2,0.8
2024-02-20,Lettuce,3,0.94
2024-09-18,Canned Tuna,6,1.43
2025-01-31,Chicken,4,5.7
2025-06-23,Red Wine,2,5.62
2025-05-18,Sugar,3,1.04
2025-02-15,Yogurt,5,0.5
2024-05-30,Tomato,6,1.21
2025-04-25,Bread,6,1.25
2024-07-23,Cookies,2,1.49
2025-01-15,Yogurt,5,0.54
2024-04-15,Rice,2,1.31
2024-11-24,Apple,4,0.67
2024-08-01,Bread,6,1.24
2024-04-09,Eggs,5,0.27
2024-01-31,Canned Tuna,6,1.32
2024-08-19,Eggs,3,0.23
2025-01-31,Bread,8,1.2
2025-01-21,Apple,3,0.7
2024-06-18,Banana,4,0.46
2025-04-24,Apple,4,0.66
2024-02-14,Beer,5,0.91
2025-03-17,Olive Oil,7,5.98
2024-10-27,Milk,5,0.99
2024-05-23,Olive Oil,5,6.48
2024-05-28,Red Wine,6,5.77
2024-03-13,Banana,5,0.53
2025-01-10,Lettuce,2,0.97
2025-06-29,Milk,3,0.9
2024-09-26,Milk,4,0.99
2024-03-28,Yogurt,3,0.56
2024-05-26,Bread,13,1.14
2024-03-21,Rice,6,1.36
2024-12-16,Olive Oil,7,5.97
2024-01-03,Cheese,3,2.7
2024-01-02,Rice,2,1.25
2024-01-23,Eggs,8,0.26
2024-12-01,Tomato,7,1.01
2025-04-05,Chocolate,5,1.97
2024-08-22,Olive Oil,7,6.19
2025-01-29,Canned Tuna,6,1.47
2025-02-10,Bread,7,1.13
2024-04-06,Lettuce,6,0.83
2025-03-27,Banana,4,0.48
2024-10-05,Rice,7,1.42
2024-09-09,Sugar,2,0.95
2025-04-11,Canned Tuna,2,1.49
2024-11-13,Beer,6,0.77
2025-06-24,Coffee,3,3.57
2024-04-05,Yogurt,8,0.51
2024-10-13,Olive Oil,5,6.22
2024-04-21,Lettuce,8,0.85
2024-08-27,Red Wine,2,6.23
2024-02-26,Chicken,1,4.93
2024-04-24,Rice,6,1.33
2024-11-06,Toilet Paper,4,0.46
2024-07-19,Mineral Water,4,0.36
2025-05-05,Toilet Paper,7,0.48
2024-09-04,Chocolate,4,1.91
2024-01-07,Olive Oil,6,6.6
2024-05-01,Chicken,5,5.06
2024-07-11,Cookies,2,1.39
2024-10-30,Chicken,6,5.46
2024-08-24,Chocolate,3,1.97
2025-02-08,Coffee,5,3.97
2024-02-26,Canned Tuna,4,1.53
2024-03-23,Pasta,4,1.0
2024-03-13,Yogurt,4,0.57
2024-03-30,Eggs,6,0.25
2025-01-19,Lettuce,6,0.81
2024-08-11,Eggs,7,0.26
2024-05-21,Cheese,13,2.37
2025-02-24,Apple,4,0.77
2024-08-16,Tomato,6,1.16
2024-11-20,Bread,6,1.12
2024-09-06,Tea,4,2.15
2024-07-02,Apple,4,0.66
2024-09-03,Pasta,7,1.02
2024-09-20,Beer,8,0.86
2024-04-25,Olive Oil,8,6.24
2024-09-20,Yogurt,3,0.5
2024-12-07,Bread,4,1.23
2025-05-05,Pasta,8,1.14
2024-09-29,Coffee,4,3.46
2025-02-10,Canned Tuna,3,1.53
2024-01-07,Canned Tuna,4,1.46
2025-01-02,Banana,9,0.51
2025-04-07,Red Wine,5,6.32
2025-02-04,Olive Oil,3,6.74
2024-06-13,Beer,7,0.77
2024-01-15,Chicken,4,5.67
2024-06-19,Salt,5,0.36
2024-04-23,Tea,6,2.0
2025-03-27,Milk,4,1.02
2025-04-28,Lettuce,5,0.94
2024-03-12,Apple,6,0.63
2024-06-09,Mineral Water,6,0.36
2025-01-07,Coffee,4,3.98
2024-05-11,Cheese,4,2.36
2025-03-04,Apple,3,0.69
2025-06-25,Bread,3,1.32
2024-04-27,Lettuce,8,0.81
2024-04-24,Mineral Water,3,0.37
2025-04-27,Mineral Water,5,0.36
2024-07-30,Toilet Paper,1,0.47
2024-09-27,Bread,5,1.14
2024-10-24,Eggs,2,0.25
2024-04-07,Toilet Paper,2,0.43
2024-05-12,Red Wine,5,5.79
2025-02-21,Rice,3,1.19
2024-12-03,Coffee,4,3.86
2024-02-19,Banana,6,0.52
2025-02-18,Pasta,10,1.1
2024-04-19,Banana,4,0.54
2025-06-02,Cheese,3,2.4
2024-08-14,Chocolate,5,1.78
2025-01-02,Cheese,4,2.85
2024-03-10,Salt,5,0.43
2024-10-29,Rice,6,1.38
2025-03-29,Chocolate,5,1.88
2024-11-08,Pasta,8,1.09
2025-02-02,Pasta,6,1.09
2024-04-21,Bread,6,1.21
2025-01-19,Chicken,6,5.37
2025-06-03,Milk,5,0.86
2024-04-18,Tea,6,2.13
2024-12-02,Toilet Paper,8,0.42
2025-05-12,Cookies,4,1.47
2024-04-17,Toilet Paper,9,0.45
2024-09-05,Salt,4,0.42
2024-01-05,Milk,2,0.99
2025-04-18,Red Wine,8,5.59
2024-06-23,Chocolate,6,1.94
2024-12-29,Toilet Paper,6,0.44
2025-06-12,Eggs,7,0.23
2024-08-16,Pasta,10,1.2
2024-11-09,Chocolate,7,1.8
2024-04-10,Chocolate,4,1.63
2024-01-03,Chocolate,7,1.92
2025-05-28,Red Wine,4,5.91
2024-05-13,Pasta,4,1.05
2025-04-14,Salt,9,0.39
2024-06-08,Lettuce,4,0.87
2024-05-11,Olive Oil,2,6.62
2024-09-05,Lettuce,5,0.86
2024-06-01,Cookies,4,1.46
2024-11-12,Milk,3,0.86
2024-09-12,Olive Oil,6,7.07
2025-03-04,Chocolate,5,1.83
2024-06-02,Pasta,3,1.0
2024-09-11,Salt,6,0.41
2024-05-09,Chocolate,5,1.62
2025-05-25,Mineral Water,2,0.33
2024-03-04,Red Wine,8,6.22
2024-07-01,Olive Oil,2,6.73
2024-07-07,Cookies,9,1.57
2025-04-18,Apple,7,0.64
2024-02-09,Bread,3,1.3
2024-03-16,Milk,8,0.89
2025-01-21,Salt,8,0.41
2024-06-12,Tea,4,2.15
2024-05-08,Banana,2,0.54
2024-10-19,Apple,5,0.7
2024-07-17,Coffee,7,3.85
2024-03-22,Apple,4,0.65
2025-03-01,Banana,3,0.49
2025-03-02,Cookies,5,1.48
2025-01-05,Cookies,8,1.6
2024-01-04,Beer,6,0.8
2025-03-20,Cookies,5,1.56
2025-06-18,Cheese,6,2.41
2025-02-14,Milk,3,1.01
2024-07-19,Chocolate,5,1.88
2024-07-25,Red Wine,6,5.4
2025-06-20,Cheese,8,2.7
2025-01-17,Tomato,6,1.19
2024-03-28,Chocolate,3,1.87
2025-03-26,Coffee,2,3.84
2025-06-10,Bread,2,1.3
2025-04-23,Toilet Paper,4,0.47
2025-01-16,Tea,5,1.93
2024-02-24,Toilet Paper,5,0.44
2025-04-25,Pasta,4,1.2
2024-06-29,Milk,3,1.01
2024-08-23,Bread,4,1.17
2024-06-25,Cookies,2,1.55
2024-08-23,Coffee,9,4.1
2024-06-03,Coffee,6,3.74
2024-03-26,Canned Tuna,5,1.45
2025-01-10,Canned Tuna,4,1.34
2025-04-03,Cheese,11,2.81
2025-06-26,Canned Tuna,4,1.41
2025-01-06,Pasta,5,1.07
2024-02-05,Sugar,4,0.96
2024-09-28,Sugar,7,0.91
2024-11-20,Pasta,5,1.0
2024-02-28,Apple,4,0.77
2024-06-18,Cookies,10,1.51
2024-07-22,Cheese,6,2.47
2024-06-08,Tea,4,2.01
2024-12-08,Apple,6,0.72
2024-03-06,Pasta,9,1.06
2024-09-10,Rice,6,1.29
2024-09-25,Beer,6,0.93
2024-10-04,Mineral Water,3,0.32
2025-06-21,Chicken,9,5.51
2024-01-05,Beer,7,0.92
2024-12-02,Yogurt,8,0.6
2024-01-28,Coffee,8,3.75
2025-03-08,Yogurt,5,0.51
2025-02-15,Toilet Paper,5,0.48
2025-03-04,Apple,6,0.73
2024-05-13,Pasta,5,1.12
2025-03-26,Beer,3,0.87
2024-11-01,Chocolate,7,1.68
2024-04-17,Beer,3,0.91
2024-02-18,Apple,6,0.72
2024-08-25,Canned Tuna,6,1.38
2025-06-18,Chicken,4,5.13
2025-06-19,Banana,2,0.48
2024-11-19,Cookies,2,1.51
2024-02-06,Coffee,10,3.63
2025-04-16,Pasta,5,1.02
2025-03-18,Cheese,5,2.75
2025-03-13,Canned Tuna,6,1.41
2025-01-22,Salt,4,0.42
2024-10-02,Bread,5,1.25
2024-07-05,Beer,2,0.93
2025-03-11,Chocolate,9,1.81
2024-12-04,Banana,7,0.47
2024-05-09,Tomato,6,1.06
2024-06-16,Banana,4,0.51
2025-02-24,Olive Oil,4,5.9
2025-05-03,Sugar,9,1.02
2025-02-04,Salt,8,0.4
2024-10-12,Pasta,1,1.07
2024-06-15,Sugar,8,1.03
2025-03-09,Rice,5,1.31
2025-02-26,Banana,8,0.47
2024-02-18,Bread,3,1.23
2025-01-19,Lettuce,6,0.96
2024-03-18,Apple,6,0.71
2024-04-29,Milk,1,0.96
2025-04-14,Chicken,4,5.53
2025-01-11,Bread,8,1.11
2025-01-11,Beer,7,0.88
2024-11-03,Bread,7,1.29
2025-01-10,Sugar,9,0.97
2025-05-27,Apple,4,0.74
2024-03-09,Banana,3,0.53
2024-11-23,Coffee,5,3.9
2024-09-25,Apple,6,0.64
2025-01-06,Beer,5,0.8
2024-06-26,Chocolate,7,1.93
2024-09-13,Eggs,5,0.24
2024-11-20,Cheese,7,2.43
2024-08-30,Eggs,6,0.25
2024-04-26,Apple,4,0.68
2025-03-18,Tomato,7,1.17
2024-10-24,Cookies,4,1.4
2024-06-18,Apple,2,0.65
2024-08-17,Coffee,3,3.49
2025-06-22,Milk,3,0.87
2025-02-26,Coffee,4,3.46
2024-02-06,Rice,3,1.38
2025-03-28,Sugar,6,0.93
2024-11-03,Apple,4,0.66
2024-04-04,Cookies,5,1.61
2024-07-29,Coffee,6,3.51
2025-05-19,Banana,6,0.45
2025-01-01,Cheese,7,2.47
2025-02-07,Cookies,5,1.61
2024-02-26,Bread,5,1.28
2024-07-11,Pasta,4,1.16
2024-12-19,Eggs,5,0.26
2024-05-20,Coffee,6,3.88
2024-04-20,Lettuce,2,0.85
2024-01-28,Toilet Paper,2,0.47
2025-03-06,Eggs,3,0.25
2025-02-19,Tomato,3,1.04
2024-06-24,Pasta,6,1.19
2025-05-19,Lettuce,2,0.89
2024-10-07,Banana,7,0.46
2024-08-28,Chicken,10,5.01
2024-07-16,Mineral Water,4,0.35
2024-08-29,Apple,2,0.76
2024-09-29,Mineral Water,6,0.33
2024-08-21,Yogurt,3,0.54
2024-05-04,Yogurt,4,0.55
2024-10-02,Olive Oil,3,6.32
2024-11-15,Olive Oil,3,6.89
2025-01-25,Cookies,3,1.41
2024-07-22,Yogurt,2,0.51
2024-12-06,Canned Tuna,4,1.28
2025-05-27,Pasta,5,1.06
2024-01-28,Lettuce,8,0.88
2024-12-28,Tomato,5,1.05
2024-01-08,Chocolate,2,1.77
2024-08-13,Cheese,5,2.39
2025-01-11,Sugar,11,0.98
2024-01-22,Chocolate,4,1.9
2025-02-20,Eggs,3,0.23
2025-02-25,Chocolate,3,1.95
2025-04-30,Cookies,8,1.59
2024-05-07,Beer,6,0.77
2024-05-21,Rice,6,1.38
2025-05-27,Cheese,7,2.85
2025-04-17,Bread,9,1.31
2024-08-05,Eggs,6,0.26
2024-02-17,Salt,5,0.38
2024-04-15,Milk,1,0.87
2024-09-02,Apple,5,0.73
2024-09-08,Milk,8,1.02
2025-04-28,Pasta,7,1.15
2024-05-21,Cookies,5,1.46
2024-03-07,Mineral Water,7,0.38
2024-01-03,Sugar,6,1.07
2024-11-03,Red Wine,3,6.17
2024-11-06,Canned Tuna,8,1.33
2024-12-10,Banana,6,0.52
2024-01-05,Cookies,7,1.41
2024-09-05,Milk,3,0.94
2024-02-01,Banana,2,0.48
2024-01-20,Salt,7,0.44
2024-03-05,Apple,7,0.71
2024-01-02,Mineral Water,4,0.34
2024-02-17,Bread,6,1.13
2025-05-25,Lettuce,10,0.9
2024-11-07,Cookies,8,1.36
2024-12-14,Salt,8,0.4
2025-06-06,Canned Tuna,4,1.35
2024-02-11,Banana,5,0.5
2024-07-02,Tomato,4,1.06
2025-02-02,Canned Tuna,3,1.43
2024-01-11,Chocolate,5,1.96
2024-03-29,Coffee,8,4.11
2025-05-05,Mineral Water,3,0.35
2025-01-01,Chicken,6,4.81
2024-09-21,Tomato,6,1.08
2024-08-12,Apple,8,0.65
2024-08-22,Red Wine,4,6.11
2024-11-15,Cookies,4,1.49
2024-07-14,Apple,5,0.72
2025-06-10,Lettuce,3,0.97
2024-01-13,Tomato,6,1.11
2025-03-07,Olive Oil,8,6.45
2024-05-27,Eggs,7,0.26
2024-10-23,Yogurt,5,0.54
2024-07-28,Bread,8,1.16
2025-04-12,Olive Oil,5,6.79
2025-01-16,Coffee,6,4.11
2024-12-19,Bread,5,1.14
2025-03-22,Chicken,4,5.49
2025-04-27,Mineral Water,8,0.38
2024-04-01,Cheese,6,2.79
2025-04-25,Toilet Paper,3,0.41
2025-03-28,Canned Tuna,4,1.31
2024-10-22,Rice,5,1.22
2025-01-11,Bread,6,1.13
2024-06-02,Tomato,3,1.01
2024-05-29,Toilet Paper,1,0.48
2024-06-20,Toilet Paper,4,0.48
2025-06-01,Chicken,7,5.45
2024-02-04,Beer,6,0.81
2024-06-06,Coffee,7,3.43
2024-12-31,Mineral Water,7,0.34
2024-07-21,Coffee,7,3.7
2024-10-19,Red Wine,7,5.42
2024-08-27,Chicken,8,5.46
2024-05-13,Salt,5,0.4
2025-03-23,Sugar,2,1.09
2024-11-06,Chicken,2,5.64
2025-03-31,Toilet Paper,4,0.45
2025-02-16,Olive Oil,2,6.17
2024-06-10,Sugar,2,0.96
2025-02-03,Toilet Paper,2,0.43
2024-08-25,Olive Oil,5,6.36
2024-12-30,Chicken,5,4.94
2024-02-16,Canned Tuna,3,1.27
2024-11-02,Tomato,4,1.06
2024-05-05,Eggs,4,0.27
2024-06-30,Chocolate,2,1.89
2024-11-16,Yogurt,5,0.58
2024-02-15,Chicken,4,5.25
2025-01-16,Milk,4,1.0
2024-08-16,Apple,4,0.75
2024-12-12,Sugar,3,0.96
2024-07-07,Red Wine,4,5.54
2024-04-02,Rice,6,1.38
2024-12-30,Coffee,6,3.64
2025-02-25,Pasta,4,1.02
2024-07-27,Salt,8,0.4
2025-03-08,Cookies,10,1.4
2024-07-18,Cheese,3,2.42
2024-09-28,Olive Oil,3,6.6
2025-04-04,Milk,9,0.98
2024-05-14,Olive Oil,7,6.55
2025-02-01,Toilet Paper,2,0.41
2024-04-05,Eggs,3,0.27
2024-03-24,Banana,3,0.46
2024-08-14,Yogurt,4,0.57
2024-06-03,Tomato,7,1.0
2024-04-20,Lettuce,11,0.83
2024-02-01,Eggs,3,0.26
2024-05-05,Chicken,5,4.85
2024-04-14,Canned Tuna,12,1.48
2024-12-26,Olive Oil,6,5.9
2024-12-06,Bread,1,1.28
2024-12-22,Sugar,7,0.91
2024-05-26,Eggs,4,0.26
2025-01-02,Chocolate,1,1.84
2025-06-30,Beer,5,0.92
2024-10-19,Rice,6,1.29
2024-01-15,Red Wine,7,5.47
2025-02-03,Apple,6,0.77
2024-07-13,Canned Tuna,3,1.3
2025-05-09,Rice,7,1.33
2025-01-07,Tea,7,1.91
2024-07-02,Red Wine,4,6.43
2024-11-24,Tomato,4,1.06
2024-07-03,Toilet Paper,4,0.48
2024-03-30,Yogurt,7,0.53
2024-10-22,Tomato,6,1.15
2024-03-28,Chocolate,4,1.67
2024-10-10,Apple,5,0.76
2024-09-28,Cookies,6,1.54
2024-11-07,Cookies,7,1.62
2025-06-27,Milk,2,1.0
2024-04-21,Apple,6,0.66
2024-11-14,Tea,3,1.9
2024-12-06,Banana,6,0.55
2024-08-06,Chicken,5,5.2
2024-11-18,Cookies,6,1.44
2025-04-22,Rice,4,1.25
2025-06-23,Sugar,6,1.04
2024-09-25,Banana,2,0.5
2025-05-27,Beer,8,0.83
2024-07-31,Beer,3,0.78
2025-01-15,Cheese,5,2.7
2024-10-29,Cookies,3,1.39
2024-01-04,Cookies,3,1.62
2025-01-31,Tea,1,2.23
2024-12-26,Cheese,5,2.48
2025-05-05,Cookies,3,1.49
2024-10-10,Yogurt,4,0.58
2024-01-26,Eggs,4,0.27
2024-12-30,Milk,6,1.0
2024-02-24,Salt,6,0.42
2024-09-18,Cookies,5,1.65
2024-02-16,Tomato,5,1.09
